,d,e,a
0,0,1,0
1,0,0,0
2,0,1,1
3,0,1,1
4,1,0,1
5,0,1,1
6,0,0,1
7,0,0,0
8,0,1,1
9,0,1,1
10,0,0,0
11,0,0,1
12,1,1,0
13,1,1,0
14,0,0,0
15,0,0,1
16,0,0,1
17,0,1,1
18,0,1,1
19,1,0,0
20,1,0,0
21,1,0,0
22,0,0,0
23,1,1,0
24,1,0,0
25,0,0,0
26,0,0,0
27,1,1,1
28,0,0,0
29,0,0,0
30,1,0,0
31,1,1,0
32,1,1,0
33,1,1,1
34,1,0,0
35,0,1,1
36,1,1,1
37,1,1,1
38,0,1,1
39,1,0,0
40,0,0,1
41,1,1,0
42,0,0,0
43,0,0,1
44,1,1,0
45,1,0,0
46,0,1,1
47,1,1,1
48,1,1,1
49,0,0,1
50,0,1,1
51,0,0,1
52,0,1,1
53,0,0,0
54,1,1,1
55,1,1,1
56,0,0,1
57,0,0,1
58,1,1,1
59,0,1,0
60,1,1,0
61,0,1,1
62,1,1,1
63,1,1,1
64,1,1,1
65,0,0,0
66,0,0,0
67,0,0,1
68,0,0,0
69,1,1,0
70,1,1,1
71,0,0,0
72,1,0,0
73,1,1,0
74,1,0,0
75,1,1,0
76,0,1,0
77,0,1,1
78,0,1,0
79,1,0,0
80,0,0,0
81,0,0,0
82,1,1,1
83,1,1,1
84,1,1,1
85,0,1,0
86,0,0,0
87,1,1,1
88,0,0,1
89,1,1,1
90,1,1,1
91,0,1,1
92,1,1,1
93,1,0,0
94,0,0,0
95,0,0,0
96,1,0,0
97,1,0,1
98,1,1,0
99,1,0,0
100,1,0,0
101,1,0,1
102,1,1,0
103,0,1,1
104,1,0,1
105,1,1,0
106,0,0,1
107,1,0,1
108,1,0,0
109,0,1,1
110,0,1,1
111,0,0,1
112,1,0,0
113,1,1,1
114,1,1,0
115,0,0,0
116,1,1,1
117,1,1,0
118,0,1,1
119,1,1,1
120,1,1,0
121,1,1,0
122,0,0,0
123,0,1,0
124,1,1,0
125,0,1,1
126,1,1,1
127,0,0,1
128,0,0,0
129,1,0,0
130,0,0,1
131,0,0,0
132,1,0,1
133,0,0,0
134,1,1,0
135,0,0,1
136,0,0,0
137,1,1,1
138,1,1,1
139,1,0,0
140,0,1,1
141,1,0,1
142,0,0,0
143,1,1,1
144,0,0,1
145,1,1,1
146,0,1,1
147,0,0,1
148,0,0,0
149,1,0,0
150,1,0,0
151,0,0,0
152,0,0,0
153,1,0,0
154,1,1,0
155,0,0,0
156,1,1,1
157,0,0,1
158,0,1,0
159,0,0,0
160,1,1,1
161,1,0,0
162,0,0,0
163,0,1,1
164,0,0,0
165,1,0,0
166,0,0,0
167,0,1,1
168,1,1,1
169,0,1,1
170,0,0,0
171,1,0,0
172,1,0,0
173,0,0,1
174,1,0,0
175,0,0,0
176,0,0,0
177,0,0,0
178,1,1,1
179,0,1,0
180,0,1,1
181,0,0,0
182,1,0,0
183,0,0,0
184,1,1,0
185,0,1,1
186,0,0,0
187,1,0,0
188,0,0,0
189,0,0,1
190,0,1,1
191,0,0,1
192,1,1,1
193,0,1,1
194,0,1,0
195,1,0,0
196,0,0,0
197,0,0,0
198,1,1,0
199,1,0,0
200,1,0,0
201,0,0,0
202,0,1,1
203,0,0,0
204,0,1,1
205,0,0,0
206,1,0,0
207,1,1,1
208,0,0,0
209,0,1,1
210,0,0,0
211,1,1,1
212,1,0,0
213,1,0,0
214,0,1,1
215,1,1,0
216,1,1,1
217,1,1,1
218,0,0,1
219,1,1,0
220,1,1,0
221,1,1,1
222,0,1,1
223,1,1,1
224,1,1,1
225,0,1,1
226,0,0,0
227,0,1,1
228,0,0,0
229,0,0,0
230,0,0,0
231,1,0,0
232,0,0,0
233,1,0,0
234,1,0,0
235,1,0,0
236,0,0,0
237,1,1,0
238,0,0,0
239,1,0,0
240,1,1,0
241,0,1,1
242,1,1,1
243,0,1,0
244,0,0,1
245,1,1,1
246,0,1,1
247,0,0,1
248,0,0,0
249,0,0,1
250,0,0,1
251,1,1,1
252,1,1,0
253,0,0,0
254,0,0,1
255,1,1,1
256,0,1,0
257,1,1,1
258,0,0,0
259,0,0,0
260,1,1,1
261,0,1,1
262,1,0,0
263,0,0,0
264,0,0,1
265,1,1,0
266,1,1,1
267,1,1,0
268,1,0,0
269,0,0,1
270,1,0,1
271,1,1,1
272,0,0,1
273,0,1,1
274,0,0,1
275,0,0,1
276,1,0,0
277,1,0,1
278,1,1,0
279,0,0,0
280,1,0,1
281,1,0,1
282,1,1,0
283,0,0,0
284,1,0,0
285,1,1,1
286,1,1,1
287,1,0,1
288,0,0,0
289,0,0,0
290,1,1,1
291,0,0,0
292,1,1,1
293,0,0,0
294,0,1,0
295,1,1,0
296,0,0,0
297,0,0,0
298,0,1,1
299,0,0,0
300,1,0,0
301,0,0,1
302,1,1,1
303,0,1,1
304,1,1,0
305,1,0,1
306,1,1,0
307,0,0,1
308,1,1,1
309,0,0,1
310,1,0,0
311,0,0,1
312,1,0,0
313,0,0,0
314,1,1,0
315,1,1,1
316,0,0,1
317,1,1,1
318,0,0,1
319,1,0,1
320,1,1,1
321,1,0,1
322,0,0,0
323,0,0,0
324,1,0,1
325,0,1,1
326,1,1,1
327,0,1,1
328,0,0,1
329,0,1,1
330,0,0,0
331,0,1,1
332,1,1,0
333,1,0,0
334,1,1,0
335,0,0,0
336,0,1,1
337,1,1,1
338,0,0,0
339,1,0,1
340,0,0,0
341,1,1,1
342,0,0,0
343,1,1,1
344,0,1,0
345,1,1,0
346,0,0,1
347,0,1,1
348,1,1,0
349,0,1,0
350,0,1,0
351,0,1,1
352,1,1,1
353,0,1,1
354,1,1,1
355,1,1,1
356,0,0,0
357,0,0,1
358,0,1,1
359,0,0,0
360,0,0,0
361,1,0,0
362,1,1,0
363,0,0,0
364,1,0,1
365,0,1,1
366,1,1,0
367,0,0,0
368,0,1,1
369,0,1,1
370,0,0,0
371,1,1,1
372,0,0,0
373,0,0,0
374,1,0,0
375,1,0,0
376,0,1,1
377,0,1,1
378,0,1,1
379,0,0,1
380,0,1,0
381,1,1,1
382,1,0,0
383,0,0,0
384,1,0,0
385,1,1,0
386,0,0,1
387,0,0,0
388,0,0,0
389,0,1,1
390,0,1,1
391,0,0,1
392,0,1,1
393,1,1,0
394,0,0,1
395,1,1,1
396,1,1,1
397,0,0,0
398,1,1,1
399,1,1,0
400,0,0,0
401,0,0,0
402,0,1,1
403,1,1,0
404,0,1,1
405,1,1,1
406,1,1,1
407,0,0,1
408,0,0,1
409,0,1,0
410,0,0,1
411,1,0,1
412,0,1,0
413,0,0,1
414,1,1,0
415,1,1,1
416,0,1,0
417,0,0,1
418,1,1,1
419,0,0,1
420,0,0,0
421,1,1,0
422,0,1,0
423,1,1,0
424,1,0,0
425,1,1,0
426,0,0,1
427,1,1,0
428,0,0,0
429,0,1,1
430,1,1,1
431,1,1,1
432,1,0,0
433,0,0,1
434,1,1,1
435,0,0,1
436,0,0,1
437,1,1,1
438,1,1,0
439,1,0,0
440,0,0,1
441,1,1,0
442,0,1,0
443,0,0,1
444,1,1,1
445,0,1,1
446,0,0,1
447,0,0,0
448,1,0,0
449,1,0,0
450,0,1,1
451,0,0,0
452,0,1,0
453,1,1,1
454,1,1,0
455,1,1,1
456,0,0,0
457,1,1,0
458,1,1,1
459,0,0,1
460,0,1,1
461,0,0,1
462,1,1,1
463,0,0,0
464,0,0,0
465,1,1,1
466,1,1,1
467,1,0,0
468,1,1,1
469,1,1,0
470,1,1,1
471,1,1,0
472,1,0,0
473,1,0,1
474,0,0,1
475,1,0,0
476,1,1,1
477,1,1,0
478,0,0,0
479,1,0,1
480,1,1,1
481,1,1,1
482,0,1,0
483,0,0,1
484,1,1,1
485,0,0,0
486,0,0,0
487,1,0,1
488,0,0,0
489,0,1,1
490,0,1,1
491,1,0,0
492,0,0,0
493,1,1,1
494,1,0,0
495,0,0,1
496,0,0,1
497,0,1,1
498,0,0,0
499,0,0,0
500,1,1,0
501,0,0,0
502,0,0,0
503,0,0,1
504,0,1,1
505,1,1,1
506,1,1,1
507,1,1,1
508,0,0,1
509,0,0,1
510,1,1,1
511,0,1,1
512,0,0,0
513,0,1,1
514,1,1,1
515,1,1,0
516,1,1,1
517,1,0,1
518,1,0,0
519,0,1,1
520,0,0,0
521,0,0,0
522,1,0,0
523,1,1,0
524,1,1,0
525,0,0,1
526,0,0,0
527,1,0,1
528,0,0,1
529,1,1,1
530,1,1,1
531,0,0,1
532,1,1,1
533,1,1,1
534,1,0,1
535,0,0,0
536,0,1,0
537,0,0,0
538,0,1,1
539,0,1,1
540,0,0,0
541,0,1,1
542,1,1,1
543,1,1,1
544,0,0,1
545,0,0,0
546,1,1,0
547,1,0,0
548,0,0,0
549,0,0,0
550,1,1,1
551,1,1,1
552,1,1,1
553,1,1,1
554,0,0,1
555,0,0,0
556,0,0,0
557,0,0,0
558,0,1,1
559,0,1,1
560,1,1,0
561,1,1,1
562,0,1,1
563,1,1,0
564,1,1,1
565,0,0,0
566,1,0,1
567,1,0,1
568,0,0,0
569,1,0,1
570,1,0,0
571,0,1,1
572,1,1,1
573,0,1,1
574,0,1,0
575,0,1,1
576,0,1,1
577,1,0,1
578,0,1,1
579,0,1,0
580,1,1,0
581,0,1,1
582,0,0,0
583,1,1,1
584,1,0,0
585,1,0,0
586,1,1,0
587,0,0,0
588,0,0,0
589,0,0,0
590,1,1,1
591,1,1,1
592,1,0,0
593,0,1,1
594,1,0,1
595,1,1,1
596,1,1,1
597,1,0,0
598,1,1,1
599,0,0,0
600,1,1,1
601,1,0,1
602,1,0,0
603,0,0,1
604,0,0,1
605,0,0,0
606,0,0,0
607,1,0,0
608,1,0,0
609,0,0,1
610,0,1,1
611,0,0,0
612,1,0,0
613,0,0,0
614,0,0,0
615,0,0,0
616,0,0,0
617,1,1,0
618,0,0,1
619,0,1,1
620,0,0,1
621,0,1,1
622,0,1,1
623,0,0,1
624,1,0,0
625,1,1,1
626,1,0,0
627,1,0,0
628,1,0,0
629,0,0,1
630,1,0,0
631,0,0,1
632,0,0,0
633,1,1,1
634,1,1,1
635,1,0,0
636,1,1,1
637,0,0,1
638,0,1,0
639,0,0,1
640,1,1,0
641,0,0,1
642,0,1,0
643,1,1,0
644,0,1,0
645,1,0,0
646,1,0,0
647,1,1,1
648,0,1,0
649,1,1,0
650,1,1,1
651,1,0,0
652,0,0,1
653,1,0,0
654,1,0,0
655,0,0,1
656,0,1,1
657,1,0,0
658,1,0,0
659,1,1,1
660,0,0,0
661,0,1,1
662,1,1,0
663,0,0,0
664,0,0,1
665,0,1,1
666,0,1,1
667,1,1,0
668,1,0,0
669,1,1,0
670,0,0,1
671,0,1,1
672,0,0,0
673,0,1,1
674,1,0,0
675,1,0,0
676,0,0,1
677,0,0,1
678,0,1,1
679,0,0,0
680,0,0,0
681,0,1,1
682,1,1,1
683,0,0,0
684,0,0,0
685,1,0,1
686,0,1,1
687,0,0,0
688,0,0,1
689,1,1,1
690,1,1,1
691,0,0,0
692,0,0,0
693,1,1,0
694,0,0,0
695,1,1,1
696,1,0,1
697,1,1,0
698,0,0,1
699,1,0,0
700,0,1,1
701,1,0,1
702,0,1,1
703,0,0,0
704,0,0,1
705,0,0,0
706,0,1,0
707,0,0,0
708,1,0,0
709,0,1,1
710,0,0,1
711,1,0,0
712,0,1,0
713,0,1,0
714,1,0,0
715,0,0,0
716,0,1,1
717,0,1,1
718,0,0,0
719,0,0,1
720,1,1,1
721,0,0,1
722,0,0,1
723,1,1,1
724,0,1,1
725,0,0,1
726,1,0,1
727,0,1,1
728,0,1,0
729,0,0,0
730,0,0,0
731,1,1,1
732,1,0,1
733,0,0,1
734,1,1,1
735,1,1,1
736,0,0,1
737,0,1,1
738,0,0,1
739,1,0,0
740,0,1,0
741,0,0,1
742,0,1,1
743,1,1,0
744,0,1,1
745,1,1,0
746,1,1,0
747,0,1,1
748,1,1,1
749,0,0,0
750,1,0,0
751,0,1,1
752,1,1,0
753,0,0,0
754,1,0,0
755,1,1,1
756,0,1,1
757,1,0,0
758,0,0,0
759,1,1,1
760,0,0,0
761,0,1,1
762,1,1,0
763,1,0,0
764,1,1,0
765,0,0,0
766,0,0,1
767,0,1,0
768,0,0,1
769,1,1,1
770,0,1,0
771,0,0,0
772,0,0,1
773,0,1,0
774,0,1,1
775,0,1,1
776,0,0,0
777,0,0,0
778,0,0,1
779,1,1,0
780,0,1,1
781,1,1,1
782,1,1,0
783,0,1,0
784,0,0,0
785,0,0,1
786,1,0,0
787,1,0,0
788,0,0,1
789,1,0,1
790,0,1,0
791,0,1,1
792,0,0,1
793,0,1,0
794,1,1,0
795,1,0,1
796,1,1,1
797,0,1,0
798,0,0,0
799,1,1,0
800,1,1,1
801,1,1,1
802,0,0,0
803,1,1,1
804,1,1,1
805,0,0,1
806,0,0,0
807,1,0,1
808,0,0,0
809,0,0,0
810,0,0,1
811,1,0,1
812,0,0,1
813,0,1,1
814,0,1,1
815,0,1,1
816,1,1,1
817,0,0,1
818,1,1,1
819,0,0,0
820,0,0,1
821,0,1,1
822,0,0,1
823,0,1,1
824,1,0,0
825,0,0,0
826,1,1,1
827,0,0,1
828,1,1,1
829,0,1,1
830,1,0,0
831,0,0,1
832,1,1,1
833,1,1,0
834,1,1,0
835,0,0,1
836,0,0,0
837,0,1,1
838,1,0,0
839,1,0,1
840,0,0,0
841,0,0,0
842,1,1,1
843,0,0,0
844,1,1,1
845,0,1,0
846,1,0,0
847,1,1,0
848,0,0,1
849,1,1,1
850,0,1,1
851,1,0,0
852,0,0,0
853,1,0,0
854,0,1,1
855,1,1,1
856,0,1,1
857,0,1,1
858,0,0,0
859,1,0,1
860,0,0,1
861,0,0,0
862,1,1,0
863,0,1,1
864,0,0,0
865,1,1,1
866,0,0,1
867,1,1,1
868,1,1,0
869,0,1,0
870,0,1,0
871,0,0,0
872,1,1,1
873,0,0,0
874,0,0,1
875,0,0,0
876,1,1,1
877,1,1,1
878,0,1,0
879,0,0,0
880,0,1,1
881,0,1,0
882,1,0,0
883,1,1,1
884,1,0,0
885,1,0,0
886,1,0,0
887,1,0,0
888,0,1,1
889,1,0,0
890,1,0,1
891,0,1,0
892,0,0,0
893,0,0,0
894,1,1,0
895,1,1,0
896,0,0,0
897,0,1,0
898,1,0,1
899,1,1,1
900,0,1,0
901,1,1,1
902,1,0,0
903,0,1,0
904,0,0,0
905,0,0,0
906,0,1,1
907,1,0,1
908,1,1,1
909,1,0,0
910,0,0,1
911,0,0,1
912,0,1,1
913,1,1,1
914,1,1,1
915,1,1,0
916,1,1,0
917,0,1,1
918,0,0,0
919,1,0,0
920,0,0,1
921,0,0,1
922,0,0,0
923,1,0,1
924,0,1,0
925,1,0,0
926,1,1,1
927,0,1,1
928,1,0,1
929,1,1,1
930,0,1,0
931,0,0,1
932,0,0,1
933,1,0,1
934,0,1,1
935,0,1,1
936,0,0,0
937,0,0,1
938,1,0,0
939,1,0,0
940,1,1,0
941,0,0,1
942,1,1,0
943,1,1,0
944,1,0,0
945,0,0,0
946,1,0,1
947,1,0,0
948,0,0,1
949,1,1,1
950,1,0,0
951,0,0,0
952,1,1,1
953,0,0,0
954,1,1,1
955,1,1,1
956,1,1,0
957,0,0,1
958,1,1,1
959,0,0,1
960,1,0,0
961,0,0,0
962,0,0,0
963,1,1,1
964,1,1,1
965,1,0,0
966,0,0,1
967,0,0,0
968,0,0,0
969,0,0,1
970,0,0,0
971,0,0,1
972,0,0,0
973,0,1,0
974,0,0,0
975,1,1,0
976,1,0,1
977,1,1,1
978,1,1,1
979,0,0,1
980,1,1,1
981,0,0,0
982,1,0,0
983,0,0,1
984,1,1,0
985,1,0,1
986,0,0,1
987,0,1,0
988,1,1,1
989,0,0,0
990,0,1,1
991,1,1,0
992,0,0,1
993,0,1,0
994,0,1,1
995,0,0,0
996,0,0,1
997,1,1,0
998,0,1,1
999,0,1,1
1000,0,0,1
1001,0,1,1
1002,0,0,1
1003,1,1,0
1004,0,0,0
1005,1,1,0
1006,0,0,0
1007,1,1,1
1008,1,1,1
1009,1,1,0
1010,1,0,1
1011,0,1,1
1012,1,1,1
1013,0,1,1
1014,1,0,0
1015,1,0,1
1016,0,0,1
1017,0,1,0
1018,0,0,1
1019,1,1,0
1020,1,1,1
1021,0,0,1
1022,0,0,1
1023,0,0,0
1024,1,1,1
1025,1,1,1
1026,1,0,0
1027,1,0,1
1028,1,1,1
1029,0,0,0
1030,0,0,1
1031,0,0,1
1032,0,0,0
1033,0,0,1
1034,1,0,0
1035,1,0,0
1036,1,1,1
1037,1,1,1
1038,1,1,1
1039,0,0,0
1040,1,0,0
1041,1,1,1
1042,0,0,1
1043,0,0,0
1044,1,0,0
1045,0,0,1
1046,1,1,1
1047,0,0,1
1048,0,1,0
1049,1,1,1
1050,0,1,1
1051,1,1,1
1052,1,1,1
1053,1,1,1
1054,1,1,0
1055,0,1,0
1056,1,1,1
1057,0,0,0
1058,1,0,0
1059,0,0,1
1060,0,1,1
1061,1,1,0
1062,1,1,1
1063,1,1,0
1064,0,0,0
1065,0,0,0
1066,1,1,0
1067,1,1,1
1068,1,1,1
1069,1,0,0
1070,1,1,1
1071,1,1,0
1072,1,1,0
1073,0,0,0
1074,1,1,1
1075,1,1,1
1076,1,0,0
1077,0,0,1
1078,1,1,0
1079,0,0,0
1080,0,0,0
1081,1,0,0
1082,0,0,0
1083,0,0,0
1084,1,1,1
1085,1,1,0
1086,1,0,0
1087,0,1,0
1088,1,1,1
1089,0,0,1
1090,0,0,1
1091,0,1,0
1092,1,0,0
1093,1,1,1
1094,1,1,1
1095,0,0,0
1096,0,1,1
1097,1,0,0
1098,1,1,0
1099,0,1,1
1100,1,1,1
1101,0,1,1
1102,1,0,0
1103,0,1,1
1104,1,0,0
1105,1,1,0
1106,1,0,1
1107,0,1,1
1108,0,1,1
1109,0,0,1
1110,0,0,0
1111,0,1,1
1112,1,0,0
1113,1,1,1
1114,1,1,0
1115,0,0,0
1116,1,1,1
1117,0,0,1
1118,0,1,1
1119,1,1,1
1120,1,0,0
1121,0,0,0
1122,0,1,0
1123,1,0,0
1124,1,0,1
1125,1,1,0
1126,0,0,1
1127,1,0,1
1128,1,0,0
1129,1,0,0
1130,1,1,1
1131,0,0,0
1132,1,1,0
1133,0,1,1
1134,0,0,1
1135,1,1,1
1136,0,0,0
1137,0,0,0
1138,1,1,1
1139,1,1,1
1140,1,1,1
1141,0,0,0
1142,1,0,0
1143,1,1,1
1144,1,1,0
1145,0,0,0
1146,0,1,1
1147,1,0,1
1148,1,1,0
1149,1,0,0
1150,1,1,0
1151,0,0,1
1152,0,0,1
1153,1,1,1
1154,0,0,0
1155,0,0,1
1156,1,1,1
1157,1,0,0
1158,0,0,0
1159,1,1,1
1160,0,0,0
1161,0,1,1
1162,1,0,0
1163,1,0,0
1164,1,0,1
1165,1,0,0
1166,0,0,0
1167,0,1,1
1168,1,0,0
1169,1,0,0
1170,0,1,1
1171,1,0,0
1172,0,1,1
1173,1,0,1
1174,0,1,1
1175,1,0,0
1176,0,1,0
1177,1,0,0
1178,0,1,1
1179,1,1,1
1180,0,0,1
1181,0,0,0
1182,0,0,1
1183,0,1,1
1184,0,0,0
1185,0,0,0
1186,1,0,1
1187,0,1,0
1188,1,1,1
1189,1,1,1
1190,0,0,0
1191,0,0,0
1192,1,1,1
1193,0,1,1
1194,1,1,0
1195,0,0,1
1196,0,1,1
1197,0,1,0
1198,0,0,0
1199,1,1,1
1200,1,0,1
1201,1,1,1
1202,0,1,0
1203,0,0,1
1204,1,1,1
1205,0,0,0
1206,1,0,0
1207,0,0,1
1208,0,0,0
1209,1,1,1
1210,1,0,0
1211,0,0,0
1212,1,1,0
1213,1,0,1
1214,1,1,0
1215,0,0,0
1216,0,0,0
1217,0,0,1
1218,0,0,0
1219,0,0,0
1220,0,1,1
1221,1,0,0
1222,1,1,1
1223,0,0,0
1224,0,0,0
1225,0,0,0
1226,0,0,1
1227,1,1,1
1228,1,1,0
1229,1,0,0
1230,0,1,0
1231,0,0,0
1232,0,1,1
1233,0,0,0
1234,1,0,0
1235,1,0,0
1236,1,0,1
1237,0,0,1
1238,0,1,0
1239,0,0,1
1240,0,0,0
1241,1,0,0
1242,1,1,1
1243,1,1,1
1244,0,1,0
1245,1,1,1
1246,0,0,1
1247,0,0,1
1248,0,1,0
1249,0,0,1
1250,1,0,0
1251,1,0,0
1252,0,0,0
1253,0,1,0
1254,1,1,0
1255,0,0,1
1256,1,1,1
1257,0,1,1
1258,1,1,1
1259,1,1,0
1260,1,0,0
1261,1,1,1
1262,1,1,1
1263,0,0,0
1264,0,1,1
1265,0,1,1
1266,1,1,1
1267,1,1,1
1268,1,0,1
1269,0,1,1
1270,0,1,1
1271,0,1,1
1272,1,0,1
1273,1,0,1
1274,1,1,1
1275,0,1,1
1276,0,1,1
1277,1,1,1
1278,1,1,1
1279,1,1,1
1280,1,1,1
1281,0,0,0
1282,0,0,0
1283,0,0,1
1284,1,0,0
1285,1,1,1
1286,1,1,0
1287,1,1,0
1288,0,0,0
1289,0,1,1
1290,1,1,0
1291,0,1,1
1292,1,0,0
1293,1,0,0
1294,0,0,0
1295,0,1,0
1296,0,0,1
1297,1,0,0
1298,0,1,0
1299,1,0,1
1300,0,0,0
1301,0,1,0
1302,1,0,1
1303,0,1,1
1304,0,0,0
1305,1,1,0
1306,1,1,0
1307,0,0,1
1308,1,0,0
1309,0,0,0
1310,1,1,1
1311,1,1,1
1312,1,0,1
1313,0,0,0
1314,1,1,1
1315,0,1,1
1316,1,1,1
1317,0,0,1
1318,0,1,1
1319,0,0,1
1320,1,1,1
1321,0,1,0
1322,0,0,1
1323,1,1,1
1324,1,0,1
1325,1,0,0
1326,1,0,0
1327,0,0,0
1328,1,1,0
1329,0,0,0
1330,1,0,0
1331,0,1,0
1332,1,1,1
1333,0,1,1
1334,0,0,0
1335,1,1,0
1336,1,0,0
1337,0,0,0
1338,1,0,0
1339,1,0,0
1340,0,0,1
1341,1,0,1
1342,1,0,1
1343,0,0,1
1344,0,0,1
1345,0,1,1
1346,1,1,1
1347,0,1,1
1348,0,0,1
1349,1,1,1
1350,1,0,0
1351,1,1,1
1352,1,0,0
1353,1,0,1
1354,1,1,1
1355,1,0,0
1356,1,0,0
1357,1,0,0
1358,1,0,1
1359,1,0,0
1360,1,0,0
1361,0,0,0
1362,1,1,1
1363,1,0,1
1364,1,1,1
1365,0,1,0
1366,0,0,0
1367,0,0,1
1368,0,1,1
1369,0,1,0
1370,1,1,1
1371,1,1,0
1372,1,0,1
1373,0,0,0
1374,0,1,1
1375,0,1,0
1376,0,1,1
1377,0,0,0
1378,0,0,0
1379,1,1,0
1380,0,0,0
1381,1,1,1
1382,0,1,1
1383,1,1,1
1384,0,1,0
1385,0,0,1
1386,1,0,0
1387,0,1,1
1388,1,1,1
1389,1,1,1
1390,0,0,0
1391,0,0,0
1392,1,0,1
1393,1,1,0
1394,1,1,1
1395,0,0,1
1396,1,1,0
1397,1,0,1
1398,1,1,0
1399,1,1,0
1400,1,0,0
1401,0,0,1
1402,0,1,1
1403,0,0,0
1404,0,0,0
1405,1,1,1
1406,0,1,0
1407,0,0,0
1408,0,0,1
1409,1,1,1
1410,0,1,1
1411,1,0,1
1412,0,1,0
1413,0,1,0
1414,0,1,0
1415,1,0,0
1416,1,1,1
1417,0,0,0
1418,1,1,1
1419,1,1,1
1420,1,1,1
1421,0,0,1
1422,0,0,0
1423,1,0,0
1424,0,0,1
1425,1,1,1
1426,0,0,1
1427,0,0,0
1428,0,0,0
1429,0,0,1
1430,0,0,0
1431,1,0,0
1432,1,1,0
1433,1,0,0
1434,0,0,1
1435,0,0,0
1436,1,1,1
1437,0,0,0
1438,1,1,0
1439,1,0,1
1440,0,0,1
1441,0,1,0
1442,0,1,1
1443,1,0,0
1444,1,0,1
1445,0,1,0
1446,0,1,1
1447,1,0,1
1448,0,0,1
1449,0,0,0
1450,0,0,0
1451,0,0,0
1452,0,0,1
1453,0,1,1
1454,0,0,0
1455,0,1,1
1456,0,0,0
1457,1,0,0
1458,0,0,0
1459,1,0,0
1460,1,1,0
1461,0,1,1
1462,0,0,0
1463,1,0,1
1464,0,1,1
1465,0,0,1
1466,1,0,0
1467,0,0,1
1468,1,0,0
1469,0,0,0
1470,1,1,1
1471,0,0,1
1472,1,1,1
1473,1,0,1
1474,0,0,1
1475,1,0,1
1476,1,1,1
1477,0,0,0
1478,0,0,1
1479,1,1,1
1480,1,0,0
1481,1,1,0
1482,1,1,0
1483,1,1,0
1484,1,0,0
1485,0,1,1
1486,1,0,0
1487,0,1,1
1488,1,1,1
1489,0,0,1
1490,1,0,0
1491,1,0,0
1492,1,1,1
1493,0,1,1
1494,0,1,0
1495,1,1,1
1496,0,0,0
1497,0,1,1
1498,0,0,0
1499,0,0,1
1500,0,1,1
1501,1,1,1
1502,1,1,1
1503,1,1,0
1504,0,0,1
1505,0,0,0
1506,1,1,1
1507,1,0,0
1508,1,1,0
1509,1,0,1
1510,1,1,1
1511,1,0,1
1512,0,0,0
1513,0,1,1
1514,0,1,1
1515,1,0,0
1516,1,0,0
1517,0,1,0
1518,1,0,0
1519,1,1,0
1520,0,1,0
1521,1,1,0
1522,0,0,1
1523,0,1,1
1524,1,1,1
1525,0,1,1
1526,0,1,0
1527,1,1,1
1528,1,1,0
1529,1,1,0
1530,0,0,1
1531,1,1,1
1532,0,1,1
1533,1,0,1
1534,1,1,1
1535,1,0,0
1536,1,1,1
1537,0,1,1
1538,0,1,1
1539,0,0,0
1540,1,1,0
1541,0,1,0
1542,0,0,0
1543,1,1,1
1544,1,0,0
1545,1,0,1
1546,1,1,1
1547,1,0,0
1548,0,0,0
1549,0,0,0
1550,1,0,0
1551,1,1,1
1552,0,1,0
1553,1,1,1
1554,1,1,0
1555,1,1,0
1556,0,0,0
1557,0,1,1
1558,0,0,0
1559,1,1,0
1560,0,1,1
1561,0,0,1
1562,1,0,0
1563,0,0,1
1564,1,0,1
1565,1,1,1
1566,1,0,1
1567,0,0,0
1568,1,0,0
1569,1,1,1
1570,0,0,0
1571,0,0,1
1572,1,1,0
1573,0,0,0
1574,1,1,0
1575,1,1,0
1576,0,0,1
1577,1,1,1
1578,1,0,1
1579,1,0,1
1580,0,0,1
1581,0,0,0
1582,1,0,0
1583,1,0,0
1584,0,1,1
1585,0,0,0
1586,0,0,0
1587,1,1,1
1588,0,0,0
1589,1,0,0
1590,0,0,0
1591,0,1,1
1592,1,1,1
1593,0,0,1
1594,0,1,1
1595,0,0,0
1596,0,0,0
1597,0,1,1
1598,0,0,0
1599,0,1,1
1600,1,1,0
1601,0,0,1
1602,1,0,1
1603,1,1,1
1604,1,1,0
1605,1,1,1
1606,1,1,0
1607,0,1,1
1608,1,0,0
1609,0,0,0
1610,0,0,0
1611,1,1,1
1612,1,0,0
1613,1,1,1
1614,0,0,0
1615,1,1,0
1616,1,0,0
1617,0,0,1
1618,1,0,1
1619,0,0,0
1620,0,1,1
1621,1,1,1
1622,1,1,1
1623,0,1,1
1624,0,0,1
1625,1,0,0
1626,1,1,1
1627,0,1,1
1628,0,0,0
1629,0,1,1
1630,0,0,0
1631,1,1,1
1632,1,1,1
1633,1,0,0
1634,0,1,1
1635,1,0,1
1636,1,0,0
1637,0,0,1
1638,0,0,0
1639,0,0,1
1640,1,1,1
1641,1,1,0
1642,1,0,0
1643,0,1,0
1644,1,0,0
1645,1,1,1
1646,1,0,1
1647,0,1,1
1648,0,0,0
1649,1,1,1
1650,1,0,1
1651,0,0,1
1652,0,1,1
1653,1,0,0
1654,1,1,1
1655,0,0,1
1656,0,1,1
1657,0,0,0
1658,1,0,0
1659,0,1,1
1660,0,0,1
1661,0,0,0
1662,1,1,0
1663,0,1,0
1664,1,1,1
1665,0,0,0
1666,0,0,0
1667,1,1,1
1668,0,0,0
1669,0,1,0
1670,0,0,1
1671,1,0,0
1672,1,1,1
1673,1,1,1
1674,1,0,0
1675,0,0,0
1676,1,1,1
1677,0,0,1
1678,1,1,1
1679,1,0,0
1680,0,1,0
1681,1,0,1
1682,1,1,1
1683,1,1,0
1684,1,0,0
1685,1,0,1
1686,0,0,1
1687,1,1,1
1688,1,1,0
1689,0,0,0
1690,0,1,0
1691,0,1,0
1692,0,0,1
1693,1,1,1
1694,1,1,0
1695,0,0,0
1696,0,0,1
1697,0,0,0
1698,0,1,1
1699,0,1,0
1700,1,0,1
1701,0,1,0
1702,0,0,0
1703,0,1,1
1704,0,0,1
1705,0,1,1
1706,1,0,0
1707,0,0,0
1708,1,1,0
1709,0,0,0
1710,0,1,0
1711,1,1,1
1712,1,1,0
1713,1,0,0
1714,1,0,0
1715,1,1,1
1716,0,0,0
1717,1,0,0
1718,1,1,0
1719,0,1,1
1720,0,0,0
1721,1,1,1
1722,0,0,0
1723,1,1,1
1724,0,1,1
1725,1,1,1
1726,1,1,0
1727,0,0,1
1728,1,0,0
1729,0,1,1
1730,0,0,0
1731,1,1,1
1732,1,1,0
1733,1,1,1
1734,1,1,1
1735,1,1,1
1736,0,0,1
1737,0,0,0
1738,0,1,0
1739,0,0,0
1740,1,1,1
1741,1,1,0
1742,0,1,1
1743,0,1,1
1744,1,0,1
1745,0,0,1
1746,0,0,0
1747,0,0,1
1748,1,0,0
1749,1,1,0
1750,0,0,1
1751,1,1,1
1752,0,0,1
1753,0,0,0
1754,0,0,0
1755,1,0,1
1756,1,0,0
1757,0,0,1
1758,0,0,0
1759,1,0,1
1760,0,0,0
1761,0,0,1
1762,0,0,1
1763,1,0,1
1764,1,0,1
1765,1,1,1
1766,0,0,0
1767,1,1,1
1768,1,0,0
1769,0,1,0
1770,0,1,1
1771,0,1,1
1772,1,1,1
1773,0,0,0
1774,0,1,1
1775,1,1,1
1776,0,0,0
1777,0,1,1
1778,1,1,1
1779,0,0,0
1780,0,0,0
1781,0,0,1
1782,1,1,1
1783,0,0,1
1784,0,0,0
1785,1,1,1
1786,0,0,0
1787,1,0,0
1788,0,1,0
1789,0,1,1
1790,1,1,0
1791,1,1,0
1792,1,1,1
1793,0,1,0
1794,1,0,0
1795,1,0,1
1796,1,1,1
1797,1,1,0
1798,0,0,1
1799,1,0,1
1800,1,0,1
1801,1,0,0
1802,1,1,0
1803,0,1,0
1804,1,0,0
1805,0,0,0
1806,0,0,0
1807,1,1,0
1808,1,1,1
1809,0,0,1
1810,0,0,0
1811,1,0,0
1812,0,1,0
1813,1,1,1
1814,0,0,0
1815,1,1,1
1816,1,1,1
1817,0,1,1
1818,1,1,1
1819,1,1,0
1820,1,1,1
1821,0,0,0
1822,0,0,1
1823,0,0,1
1824,0,0,1
1825,0,0,0
1826,1,0,1
1827,1,1,0
1828,1,1,0
1829,1,0,1
1830,0,0,1
1831,0,0,1
1832,0,0,0
1833,0,1,0
1834,1,0,0
1835,1,0,0
1836,0,0,1
1837,1,0,0
1838,0,0,0
1839,1,1,1
1840,1,0,0
1841,1,0,0
1842,1,0,1
1843,1,1,0
1844,0,1,1
1845,0,0,1
1846,0,0,0
1847,0,1,0
1848,0,0,0
1849,1,1,1
1850,1,1,1
1851,0,0,0
1852,1,0,0
1853,0,0,1
1854,1,0,0
1855,0,1,1
1856,1,1,0
1857,0,1,0
1858,0,0,0
1859,1,1,1
1860,0,0,0
1861,1,1,1
1862,1,1,1
1863,1,0,1
1864,1,0,0
1865,0,0,0
1866,1,0,0
1867,0,1,0
1868,0,0,0
1869,0,1,0
1870,1,0,0
1871,1,0,1
1872,1,0,1
1873,1,1,1
1874,1,1,1
1875,1,0,1
1876,0,0,1
1877,1,1,1
1878,0,0,0
1879,1,1,1
1880,0,0,0
1881,1,1,0
1882,0,1,1
1883,0,0,1
1884,1,0,0
1885,0,0,0
1886,0,0,0
1887,0,1,1
1888,1,1,0
1889,0,0,0
1890,1,1,0
1891,0,0,1
1892,1,1,1
1893,1,0,0
1894,1,1,0
1895,0,0,0
1896,0,1,1
1897,0,1,1
1898,0,1,1
1899,0,0,1
1900,1,0,0
1901,1,1,0
1902,1,0,0
1903,0,0,0
1904,0,0,0
1905,1,1,0
1906,1,0,0
1907,1,0,0
1908,0,1,0
1909,0,0,0
1910,0,0,0
1911,0,0,1
1912,0,0,1
1913,1,1,0
1914,1,0,0
1915,1,0,0
1916,0,1,0
1917,0,1,1
1918,1,0,0
1919,1,0,0
1920,0,0,1
1921,1,1,1
1922,1,1,1
1923,0,1,1
1924,1,1,1
1925,0,1,1
1926,0,0,1
1927,0,1,1
1928,0,1,1
1929,0,0,1
1930,1,0,0
1931,1,0,0
1932,0,0,1
1933,0,1,1
1934,1,0,0
1935,0,0,0
1936,0,1,1
1937,1,0,0
1938,1,0,1
1939,0,1,1
1940,0,0,1
1941,0,0,0
1942,1,1,1
1943,0,0,1
1944,1,0,1
1945,1,1,1
1946,1,1,0
1947,1,0,0
1948,0,0,0
1949,1,1,1
1950,0,0,0
1951,1,0,0
1952,1,1,1
1953,1,0,0
1954,1,1,1
1955,0,1,1
1956,1,0,0
1957,1,1,1
1958,1,0,0
1959,1,0,0
1960,1,1,0
1961,1,1,1
1962,0,0,0
1963,0,1,0
1964,1,1,1
1965,1,0,0
1966,0,0,1
1967,0,0,0
1968,0,0,0
1969,1,1,0
1970,1,1,1
1971,1,0,0
1972,0,0,0
1973,1,0,0
1974,0,1,1
1975,1,1,1
1976,1,1,1
1977,0,1,1
1978,1,1,0
1979,1,0,0
1980,1,0,1
1981,0,1,1
1982,1,1,1
1983,1,0,0
1984,1,1,1
1985,0,1,1
1986,1,1,1
1987,0,0,1
1988,0,0,1
1989,1,1,1
1990,1,1,1
1991,1,1,0
1992,1,1,1
1993,1,0,0
1994,0,0,0
1995,1,1,0
1996,1,1,1
1997,0,0,1
1998,1,1,0
1999,1,1,0
2000,0,0,0
2001,1,1,1
2002,0,0,0
2003,1,1,1
2004,1,1,1
2005,1,1,1
2006,0,1,1
2007,0,0,0
2008,1,1,0
2009,0,0,0
2010,1,1,0
2011,1,0,0
2012,0,0,0
2013,1,0,0
2014,1,0,0
2015,0,0,0
2016,0,1,1
2017,1,1,1
2018,0,0,0
2019,0,1,1
2020,0,0,0
2021,0,1,1
2022,0,1,1
2023,0,0,0
2024,1,0,0
2025,1,1,1
2026,0,1,1
2027,0,1,1
2028,0,0,0
2029,1,1,0
2030,0,0,0
2031,0,0,1
2032,0,1,1
2033,0,1,0
2034,1,1,0
2035,0,0,1
2036,1,1,0
2037,0,0,1
2038,1,0,0
2039,1,1,1
2040,1,1,1
2041,0,1,0
2042,0,0,0
2043,0,1,1
2044,0,0,1
2045,1,0,0
2046,0,1,0
2047,1,0,0
2048,0,0,0
2049,1,1,1
2050,1,0,1
2051,1,1,0
2052,1,1,1
2053,1,0,0
2054,1,1,1
2055,0,0,0
2056,1,1,1
2057,1,1,1
2058,1,0,1
2059,1,1,1
2060,1,0,1
2061,0,1,1
2062,1,1,1
2063,0,1,0
2064,1,0,0
2065,0,0,0
2066,1,1,1
2067,1,1,0
2068,1,1,1
2069,1,0,1
2070,1,1,1
2071,0,0,0
2072,1,1,0
2073,0,0,0
2074,1,1,1
2075,0,0,1
2076,1,1,0
2077,1,0,0
2078,1,0,0
2079,1,0,0
2080,0,0,0
2081,0,1,1
2082,1,0,0
2083,0,1,1
2084,0,1,1
2085,1,1,1
2086,1,1,0
2087,1,1,1
2088,0,0,1
2089,1,0,0
2090,0,1,1
2091,1,1,0
2092,0,1,0
2093,1,0,0
2094,1,0,1
2095,0,0,0
2096,0,0,1
2097,0,0,0
2098,0,1,1
2099,1,0,0
2100,1,1,0
2101,0,0,0
2102,1,1,1
2103,1,1,1
2104,1,1,1
2105,1,1,0
2106,1,0,0
2107,1,1,1
2108,0,0,0
2109,0,1,1
2110,1,0,0
2111,1,0,1
2112,0,1,0
2113,0,1,1
2114,0,1,1
2115,0,0,0
2116,0,0,1
2117,0,0,1
2118,1,1,0
2119,0,1,0
2120,1,1,1
2121,1,1,1
2122,0,0,0
2123,0,1,0
2124,1,0,1
2125,0,1,1
2126,0,1,0
2127,0,0,0
2128,1,1,0
2129,0,1,1
2130,1,0,0
2131,1,0,0
2132,1,0,0
2133,1,1,1
2134,1,1,1
2135,0,0,0
2136,1,1,0
2137,0,0,1
2138,0,1,1
2139,1,1,1
2140,1,0,0
2141,1,0,0
2142,1,0,0
2143,0,0,1
2144,1,1,1
2145,1,0,0
2146,1,1,0
2147,0,0,0
2148,1,1,0
2149,1,1,0
2150,0,1,1
2151,0,1,1
2152,1,1,1
2153,1,0,1
2154,0,1,1
2155,1,1,0
2156,0,0,1
2157,0,1,0
2158,0,1,1
2159,0,1,1
2160,1,1,1
2161,1,1,1
2162,0,0,0
2163,0,1,1
2164,1,1,0
2165,0,0,0
2166,1,0,0
2167,0,1,1
2168,0,1,1
2169,1,0,0
2170,1,1,1
2171,1,0,0
2172,0,0,1
2173,1,1,0
2174,1,0,1
2175,1,1,1
2176,1,1,0
2177,0,1,1
2178,0,0,1
2179,1,0,1
2180,0,1,0
2181,1,1,0
2182,0,1,0
2183,0,0,1
2184,1,1,1
2185,0,0,0
2186,0,0,1
2187,0,1,1
2188,0,0,0
2189,0,0,1
2190,0,0,0
2191,1,1,1
2192,0,0,0
2193,0,1,1
2194,1,1,1
2195,1,1,1
2196,1,0,0
2197,0,1,0
2198,0,0,1
2199,0,0,0
2200,0,1,1
2201,1,1,1
2202,1,0,0
2203,1,1,1
2204,0,0,0
2205,1,0,0
2206,0,0,0
2207,1,0,0
2208,0,0,0
2209,0,0,0
2210,1,0,0
2211,0,0,0
2212,1,0,0
2213,1,0,0
2214,1,1,1
2215,1,1,0
2216,1,0,0
2217,1,1,0
2218,1,1,1
2219,1,0,0
2220,0,1,1
2221,0,1,1
2222,1,1,1
2223,1,0,0
2224,1,1,1
2225,0,1,1
2226,1,1,1
2227,1,1,1
2228,1,1,1
2229,1,0,0
2230,0,1,1
2231,1,0,0
2232,0,0,1
2233,0,0,0
2234,0,1,0
2235,1,1,0
2236,0,1,0
2237,1,1,1
2238,1,1,1
2239,1,1,1
2240,0,0,0
2241,1,1,1
2242,0,1,1
2243,0,0,1
2244,1,1,1
2245,0,0,0
2246,0,0,0
2247,0,1,1
2248,1,1,1
2249,1,1,1
2250,1,1,0
2251,0,0,1
2252,0,0,0
2253,0,0,0
2254,1,0,0
2255,1,0,0
2256,0,1,1
2257,0,0,0
2258,0,1,1
2259,1,1,1
2260,0,1,1
2261,0,1,1
2262,0,1,0
2263,0,0,1
2264,0,0,0
2265,1,0,0
2266,1,0,0
2267,1,0,0
2268,0,0,0
2269,0,0,0
2270,0,0,0
2271,1,1,1
2272,1,1,0
2273,1,1,0
2274,0,1,0
2275,0,1,1
2276,1,1,1
2277,1,0,1
2278,1,1,1
2279,1,1,1
2280,0,1,0
2281,0,0,1
2282,1,1,0
2283,0,0,1
2284,0,0,0
2285,0,1,0
2286,1,0,1
2287,0,1,1
2288,0,1,0
2289,1,1,0
2290,0,1,1
2291,0,0,1
2292,1,1,1
2293,0,0,0
2294,1,1,0
2295,0,0,0
2296,0,0,0
2297,1,0,1
2298,1,0,0
2299,1,0,1
2300,1,1,0
2301,1,0,0
2302,0,0,1
2303,0,1,1
2304,1,0,0
2305,0,1,1
2306,1,1,0
2307,1,1,1
2308,1,1,1
2309,0,0,1
2310,0,1,1
2311,0,0,0
2312,0,1,0
2313,1,0,1
2314,0,0,0
2315,1,0,0
2316,1,0,0
2317,1,0,0
2318,1,0,1
2319,1,1,1
2320,0,0,0
2321,1,1,1
2322,1,1,1
2323,1,1,1
2324,1,0,0
2325,0,0,0
2326,1,1,0
2327,0,0,0
2328,1,1,1
2329,1,0,0
2330,0,0,1
2331,0,0,1
2332,0,0,0
2333,1,1,0
2334,0,1,1
2335,0,0,1
2336,0,1,1
2337,1,1,1
2338,1,1,1
2339,1,0,0
2340,0,0,1
2341,1,1,1
2342,1,1,0
2343,1,1,1
2344,1,1,0
2345,1,1,0
2346,0,0,0
2347,1,1,0
2348,1,1,1
2349,0,0,0
2350,1,0,1
2351,1,0,1
2352,0,0,0
2353,1,0,0
2354,1,1,1
2355,0,0,1
2356,0,0,0
2357,1,0,0
2358,1,0,1
2359,0,0,1
2360,0,0,1
2361,1,1,1
2362,1,1,0
2363,0,1,1
2364,0,0,0
2365,1,1,1
2366,1,0,0
2367,1,0,0
2368,1,0,0
2369,0,1,1
2370,0,0,0
2371,1,1,0
2372,1,0,0
2373,0,1,1
2374,0,1,1
2375,0,1,1
2376,0,0,0
2377,0,1,1
2378,1,0,0
2379,0,0,0
2380,0,0,0
2381,0,0,0
2382,0,0,0
2383,0,0,1
2384,0,0,1
2385,0,0,0
2386,1,1,1
2387,1,1,1
2388,0,0,0
2389,0,0,1
2390,0,0,0
2391,0,1,1
2392,0,1,1
2393,0,1,1
2394,0,0,0
2395,1,1,0
2396,1,0,0
2397,0,0,1
2398,1,1,1
2399,1,1,1
2400,0,1,1
2401,1,1,1
2402,0,1,1
2403,0,0,0
2404,1,1,0
2405,1,1,1
2406,0,1,1
2407,1,0,0
2408,0,0,1
2409,1,1,1
2410,1,1,1
2411,0,0,1
2412,1,0,0
2413,1,1,0
2414,1,1,1
2415,0,0,0
2416,0,0,1
2417,1,1,1
2418,0,0,1
2419,0,0,1
2420,0,0,1
2421,1,0,0
2422,1,1,1
2423,1,1,1
2424,0,0,0
2425,0,0,1
2426,1,1,1
2427,1,0,1
2428,0,0,0
2429,1,1,1
2430,0,1,1
2431,1,1,0
2432,1,1,0
2433,1,0,0
2434,0,1,0
2435,1,1,0
2436,1,1,0
2437,0,0,1
2438,1,1,0
2439,1,1,0
2440,0,0,0
2441,1,1,1
2442,0,0,0
2443,1,1,0
2444,1,1,1
2445,1,1,1
2446,0,0,1
2447,0,0,0
2448,1,1,1
2449,0,0,0
2450,0,0,1
2451,0,0,0
2452,1,1,1
2453,1,1,0
2454,1,1,1
2455,1,1,1
2456,0,0,1
2457,0,1,1
2458,1,1,1
2459,0,0,0
2460,0,0,0
2461,0,0,0
2462,0,0,1
2463,0,0,1
2464,0,0,1
2465,0,0,1
2466,0,1,1
2467,1,1,0
2468,1,1,1
2469,0,0,0
2470,1,1,1
2471,1,0,1
2472,1,1,1
2473,0,0,0
2474,0,0,1
2475,1,1,1
2476,0,0,1
2477,0,0,1
2478,0,1,1
2479,0,1,1
2480,1,1,0
2481,1,0,0
2482,1,1,1
2483,1,1,1
2484,1,1,0
2485,1,1,1
2486,1,1,1
2487,0,1,1
2488,0,0,1
2489,1,0,1
2490,1,1,1
2491,0,1,1
2492,1,0,0
2493,1,0,0
2494,1,0,0
2495,0,0,0
2496,1,1,0
2497,0,1,0
2498,1,0,0
2499,1,0,1
2500,0,0,0
2501,1,1,1
2502,1,1,0
2503,1,1,1
2504,1,0,0
2505,1,0,0
2506,0,1,0
2507,1,1,0
2508,1,1,1
2509,1,1,1
2510,0,1,1
2511,1,1,1
2512,1,0,0
2513,1,1,0
2514,1,1,1
2515,1,1,1
2516,1,0,0
2517,1,1,0
2518,1,0,0
2519,1,1,1
2520,1,0,0
2521,0,1,1
2522,0,0,0
2523,0,0,1
2524,1,0,0
2525,1,0,0
2526,1,0,0
2527,0,1,0
2528,0,1,1
2529,0,1,0
2530,0,0,0
2531,0,0,0
2532,0,0,0
2533,1,1,0
2534,1,1,0
2535,1,1,0
2536,1,1,1
2537,1,1,0
2538,0,0,0
2539,1,1,1
2540,0,0,0
2541,0,1,1
2542,0,0,0
2543,0,0,0
2544,0,0,1
2545,0,0,0
2546,0,0,0
2547,0,1,1
2548,0,0,0
2549,1,1,1
2550,1,1,1
2551,1,0,0
2552,1,1,0
2553,1,1,1
2554,1,0,1
2555,0,0,1
2556,1,0,0
2557,1,1,1
2558,1,1,0
2559,1,1,1
2560,0,1,1
2561,1,1,1
2562,1,1,0
2563,1,1,1
2564,0,1,0
2565,1,0,0
2566,1,1,1
2567,1,1,1
2568,1,0,0
2569,1,1,0
2570,1,0,0
2571,0,1,1
2572,0,0,1
2573,0,1,1
2574,0,1,1
2575,1,1,1
2576,1,0,0
2577,0,1,1
2578,1,1,1
2579,0,0,0
2580,0,0,0
2581,0,1,1
2582,1,1,0
2583,0,0,0
2584,0,1,1
2585,0,0,0
2586,1,0,1
2587,1,1,0
2588,0,1,1
2589,1,1,1
2590,0,0,0
2591,0,0,0
2592,1,1,1
2593,1,0,0
2594,0,1,0
2595,1,1,0
2596,1,1,0
2597,1,0,0
2598,0,0,0
2599,0,0,0
2600,1,0,0
2601,0,1,1
2602,1,1,0
2603,0,0,1
2604,0,0,0
2605,0,1,1
2606,0,0,0
2607,1,0,0
2608,1,1,1
2609,0,0,0
2610,0,0,1
2611,1,1,0
2612,1,0,0
2613,1,0,0
2614,1,1,0
2615,1,0,1
2616,0,1,0
2617,1,0,0
2618,1,1,1
2619,1,1,1
2620,1,1,1
2621,0,0,0
2622,1,1,0
2623,0,0,0
2624,0,0,1
2625,1,1,1
2626,0,0,1
2627,1,0,0
2628,0,0,0
2629,1,0,0
2630,1,1,1
2631,0,0,0
2632,1,0,1
2633,1,0,1
2634,0,0,1
2635,1,1,1
2636,1,1,1
2637,1,0,0
2638,1,1,0
2639,1,0,1
2640,0,0,0
2641,0,0,1
2642,1,1,1
2643,0,0,0
2644,1,0,0
2645,1,1,1
2646,0,0,0
2647,0,0,0
2648,0,0,1
2649,0,1,1
2650,1,1,0
2651,1,1,1
2652,0,1,1
2653,0,1,1
2654,0,0,1
2655,1,1,0
2656,1,0,0
2657,0,1,0
2658,1,0,0
2659,1,1,1
2660,0,1,1
2661,0,1,0
2662,0,0,0
2663,1,1,1
2664,0,0,1
2665,0,1,1
2666,0,1,1
2667,0,0,1
2668,0,0,1
2669,1,1,0
2670,0,1,1
2671,0,1,1
2672,0,1,0
2673,1,1,1
2674,1,1,1
2675,1,1,0
2676,0,1,1
2677,1,0,0
2678,0,0,1
2679,0,0,0
2680,1,0,0
2681,1,0,0
2682,1,1,0
2683,0,1,1
2684,1,1,1
2685,0,0,1
2686,1,1,1
2687,0,1,1
2688,0,1,0
2689,0,1,1
2690,0,0,1
2691,0,0,0
2692,1,0,0
2693,0,1,1
2694,1,0,0
2695,1,0,0
2696,1,0,0
2697,1,1,0
2698,1,0,0
2699,1,1,1
2700,1,1,0
2701,1,0,0
2702,1,1,0
2703,0,0,1
2704,0,0,1
2705,0,0,1
2706,0,0,1
2707,1,0,0
2708,1,1,0
2709,0,0,1
2710,1,1,0
2711,0,0,0
2712,0,0,0
2713,1,0,0
2714,0,1,1
2715,0,1,1
2716,1,1,0
2717,0,0,0
2718,0,0,1
2719,1,0,1
2720,0,1,1
2721,0,0,0
2722,1,0,0
2723,1,1,1
2724,1,1,1
2725,0,1,0
2726,0,1,0
2727,1,1,0
2728,0,0,1
2729,1,1,0
2730,1,1,0
2731,0,1,1
2732,0,0,1
2733,0,1,1
2734,1,1,1
2735,0,1,1
2736,0,0,0
2737,0,0,1
2738,0,0,0
2739,0,0,0
2740,1,1,0
2741,1,1,0
2742,0,0,1
2743,0,0,0
2744,1,0,0
2745,0,1,1
2746,0,1,1
2747,0,1,1
2748,0,0,1
2749,0,0,1
2750,1,1,0
2751,1,1,1
2752,1,0,0
2753,1,1,1
2754,0,0,0
2755,0,0,0
2756,1,1,1
2757,1,0,0
2758,0,1,1
2759,0,0,1
2760,0,0,1
2761,1,1,1
2762,0,0,0
2763,0,0,1
2764,1,1,1
2765,0,1,1
2766,1,1,0
2767,0,0,1
2768,0,0,0
2769,1,1,1
2770,1,0,0
2771,1,0,0
2772,0,0,0
2773,1,1,1
2774,1,1,0
2775,0,1,1
2776,0,0,0
2777,0,0,0
2778,0,1,1
2779,0,1,1
2780,1,0,0
2781,0,1,0
2782,0,1,1
2783,1,0,0
2784,1,1,1
2785,0,0,0
2786,1,1,1
2787,1,1,0
2788,1,0,0
2789,0,0,0
2790,1,0,0
2791,0,0,1
2792,1,1,1
2793,1,0,1
2794,0,1,1
2795,0,1,1
2796,0,0,1
2797,0,0,1
2798,1,1,1
2799,1,1,1
2800,0,1,1
2801,0,1,1
2802,1,0,0
2803,0,1,1
2804,0,0,1
2805,0,1,1
2806,1,0,1
2807,1,1,1
2808,1,1,1
2809,0,0,1
2810,1,1,1
2811,0,0,0
2812,0,0,0
2813,1,0,0
2814,0,0,1
2815,1,1,1
2816,1,1,1
2817,1,1,0
2818,1,1,1
2819,0,0,0
2820,0,0,1
2821,1,1,0
2822,1,1,0
2823,0,1,0
2824,0,0,1
2825,0,0,0
2826,1,0,0
2827,0,0,1
2828,1,1,0
2829,1,1,1
2830,0,1,0
2831,0,0,0
2832,1,0,0
2833,0,1,1
2834,1,0,0
2835,1,0,0
2836,0,0,0
2837,0,0,0
2838,1,1,0
2839,0,0,0
2840,0,0,1
2841,0,0,0
2842,1,0,0
2843,1,1,1
2844,0,1,1
2845,0,1,1
2846,1,1,1
2847,0,1,1
2848,1,0,0
2849,1,1,1
2850,1,1,1
2851,1,0,0
2852,1,0,0
2853,0,0,0
2854,1,1,0
2855,0,1,0
2856,0,1,1
2857,1,1,0
2858,1,0,0
2859,0,0,0
2860,0,0,0
2861,0,0,0
2862,1,1,1
2863,0,0,1
2864,1,1,0
2865,1,0,0
2866,1,1,1
2867,0,1,0
2868,1,1,1
2869,0,1,0
2870,0,0,1
2871,0,0,0
2872,1,1,1
2873,1,1,0
2874,1,0,1
2875,1,1,0
2876,0,1,0
2877,1,1,1
2878,1,0,0
2879,1,1,0
2880,0,0,0
2881,0,0,0
2882,0,1,1
2883,1,1,1
2884,1,0,0
2885,0,0,1
2886,1,0,0
2887,1,0,0
2888,1,1,1
2889,0,0,1
2890,1,1,1
2891,0,0,1
2892,0,0,1
2893,0,0,1
2894,1,0,0
2895,0,0,0
2896,1,1,1
2897,1,1,1
2898,0,0,1
2899,1,1,1
2900,1,0,1
2901,1,1,1
2902,0,0,1
2903,0,0,0
2904,1,0,0
2905,1,1,1
2906,0,0,1
2907,0,0,0
2908,1,1,1
2909,0,1,1
2910,0,1,1
2911,1,0,1
2912,0,1,1
2913,1,1,0
2914,1,1,1
2915,1,1,1
2916,0,1,1
2917,0,0,1
2918,1,1,1
2919,0,1,1
2920,0,1,0
2921,0,1,1
2922,0,0,0
2923,1,0,1
2924,0,0,0
2925,0,0,0
2926,0,1,1
2927,0,0,1
2928,0,0,1
2929,0,1,1
2930,0,0,1
2931,0,0,1
2932,0,0,0
2933,0,1,1
2934,0,0,0
2935,0,0,0
2936,1,0,1
2937,1,1,1
2938,1,1,1
2939,0,0,1
2940,0,1,0
2941,1,1,1
2942,1,1,0
2943,1,1,1
2944,0,0,0
2945,0,0,1
2946,1,1,1
2947,0,0,1
2948,0,1,1
2949,0,1,1
2950,0,0,1
2951,1,0,1
2952,0,0,1
2953,0,1,1
2954,0,0,1
2955,0,1,1
2956,0,1,1
2957,1,1,1
2958,1,1,1
2959,1,1,1
2960,1,0,1
2961,1,0,1
2962,0,0,1
2963,0,0,1
2964,1,1,1
2965,0,1,1
2966,1,0,0
2967,0,1,1
2968,0,0,0
2969,1,0,0
2970,0,1,1
2971,0,0,1
2972,0,1,1
2973,1,0,0
2974,0,0,0
2975,1,1,1
2976,0,0,0
2977,0,1,1
2978,0,0,1
2979,1,0,1
2980,0,0,0
2981,0,0,1
2982,0,0,0
2983,0,1,1
2984,1,0,1
2985,1,1,1
2986,0,0,0
2987,1,0,0
2988,1,0,0
2989,1,0,0
2990,0,0,0
2991,1,1,0
2992,1,1,1
2993,0,1,0
2994,0,0,1
2995,1,1,1
2996,0,1,1
2997,1,1,1
2998,0,0,1
2999,1,0,0
3000,1,1,0
3001,0,1,1
3002,0,0,0
3003,1,1,1
3004,0,1,0
3005,0,0,0
3006,0,0,0
3007,1,1,1
3008,1,1,0
3009,1,0,0
3010,0,0,0
3011,0,1,1
3012,1,0,1
3013,1,0,1
3014,0,0,0
3015,1,1,1
3016,0,0,0
3017,1,0,0
3018,1,1,0
3019,1,1,0
3020,0,1,0
3021,0,0,0
3022,1,1,0
3023,0,0,0
3024,1,0,1
3025,0,1,1
3026,1,0,0
3027,0,0,1
3028,1,1,0
3029,1,1,1
3030,0,0,1
3031,1,1,1
3032,1,1,0
3033,0,1,1
3034,1,1,0
3035,1,0,0
3036,0,0,0
3037,1,1,1
3038,1,1,1
3039,1,1,0
3040,1,0,0
3041,1,1,0
3042,1,1,1
3043,1,1,1
3044,0,1,1
3045,1,0,0
3046,0,0,1
3047,1,0,0
3048,0,0,1
3049,1,1,1
3050,0,0,1
3051,1,1,1
3052,0,0,0
3053,1,1,1
3054,0,0,0
3055,0,0,1
3056,1,1,1
3057,1,0,0
3058,1,1,1
3059,0,0,0
3060,1,1,1
3061,0,0,0
3062,1,0,0
3063,0,1,1
3064,1,1,0
3065,0,0,0
3066,1,1,1
3067,1,1,0
3068,1,0,0
3069,1,1,1
3070,0,1,0
3071,1,1,1
3072,1,1,1
3073,1,1,0
3074,0,1,0
3075,0,1,1
3076,1,1,1
3077,1,0,0
3078,1,1,1
3079,1,1,1
3080,0,0,1
3081,1,1,1
3082,0,0,0
3083,1,0,0
3084,1,1,0
3085,1,1,0
3086,1,0,0
3087,1,1,1
3088,1,1,1
3089,1,1,1
3090,1,1,0
3091,1,1,0
3092,1,1,0
3093,0,1,1
3094,0,0,1
3095,0,1,1
3096,1,1,0
3097,1,1,1
3098,0,0,1
3099,0,0,1
3100,1,0,1
3101,1,0,1
3102,0,1,1
3103,0,0,0
3104,0,1,0
3105,1,1,1
3106,1,0,0
3107,0,1,1
3108,0,0,1
3109,1,1,0
3110,0,0,0
3111,1,0,1
3112,1,1,1
3113,0,1,1
3114,0,0,0
3115,0,1,0
3116,0,1,0
3117,1,0,0
3118,0,0,0
3119,1,1,0
3120,1,1,1
3121,1,1,0
3122,1,1,1
3123,0,0,1
3124,0,0,1
3125,1,1,0
3126,0,1,0
3127,1,0,0
3128,0,1,0
3129,1,1,1
3130,1,1,1
3131,1,0,0
3132,1,1,1
3133,0,0,1
3134,0,0,0
3135,0,1,1
3136,1,0,1
3137,0,1,1
3138,1,0,1
3139,0,0,1
3140,1,1,1
3141,1,1,0
3142,0,0,0
3143,0,1,1
3144,1,1,1
3145,1,1,0
3146,0,0,1
3147,1,1,0
3148,1,1,0
3149,1,1,0
3150,0,0,1
3151,0,1,1
3152,0,0,1
3153,1,0,0
3154,1,1,1
3155,1,0,1
3156,1,1,1
3157,0,1,1
3158,1,0,0
3159,0,1,1
3160,0,0,0
3161,0,0,0
3162,1,0,0
3163,0,1,1
3164,1,0,1
3165,1,1,1
3166,0,0,0
3167,1,1,1
3168,1,1,0
3169,1,0,0
3170,1,1,1
3171,1,0,1
3172,1,1,1
3173,1,1,0
3174,1,0,0
3175,0,1,1
3176,1,1,1
3177,1,1,0
3178,0,1,1
3179,0,1,1
3180,0,1,1
3181,1,1,1
3182,0,0,1
3183,0,1,1
3184,0,1,0
3185,1,0,1
3186,0,0,0
3187,0,0,0
3188,1,0,0
3189,0,0,0
3190,1,1,1
3191,0,1,0
3192,1,1,0
3193,1,0,0
3194,1,1,1
3195,0,0,1
3196,1,0,0
3197,1,0,1
3198,0,1,1
3199,0,0,1
3200,1,0,0
3201,0,0,1
3202,0,1,0
3203,0,1,1
3204,0,0,0
3205,1,1,1
3206,1,1,1
3207,0,0,1
3208,0,1,0
3209,1,0,1
3210,0,1,0
3211,0,0,1
3212,1,0,0
3213,1,0,1
3214,0,1,0
3215,0,0,1
3216,0,1,1
3217,1,1,0
3218,1,1,1
3219,1,0,0
3220,0,0,0
3221,1,1,0
3222,0,0,0
3223,0,0,0
3224,1,1,1
3225,0,0,0
3226,1,1,1
3227,1,0,0
3228,1,1,1
3229,1,1,1
3230,1,1,0
3231,0,0,1
3232,1,1,0
3233,0,1,1
3234,0,0,1
3235,1,1,0
3236,0,1,1
3237,0,1,1
3238,0,0,1
3239,0,1,1
3240,1,1,0
3241,0,0,0
3242,0,0,1
3243,0,0,0
3244,0,0,1
3245,0,0,1
3246,1,1,1
3247,0,0,0
3248,1,0,0
3249,0,0,1
3250,0,0,0
3251,0,0,0
3252,1,1,1
3253,0,1,0
3254,0,0,0
3255,0,1,1
3256,0,0,0
3257,0,0,1
3258,1,1,0
3259,0,0,0
3260,0,0,1
3261,0,0,0
3262,1,0,0
3263,0,1,1
3264,0,0,1
3265,0,0,0
3266,0,0,1
3267,1,1,0
3268,0,0,0
3269,0,1,1
3270,0,0,1
3271,1,1,1
3272,0,0,1
3273,0,0,1
3274,1,1,1
3275,0,1,1
3276,1,0,1
3277,0,0,0
3278,0,1,1
3279,1,0,1
3280,1,0,0
3281,1,1,1
3282,0,0,0
3283,1,1,0
3284,0,0,1
3285,0,0,0
3286,1,1,1
3287,0,1,1
3288,0,0,1
3289,1,1,1
3290,0,1,1
3291,1,0,0
3292,1,1,0
3293,1,1,1
3294,0,0,1
3295,1,1,1
3296,1,1,0
3297,0,0,0
3298,0,0,0
3299,0,0,1
3300,1,1,0
3301,1,1,0
3302,0,0,1
3303,1,0,0
3304,0,0,1
3305,0,0,1
3306,0,0,1
3307,0,0,1
3308,0,0,1
3309,1,0,0
3310,1,0,0
3311,0,0,0
3312,1,0,1
3313,1,0,0
3314,1,1,1
3315,1,0,0
3316,1,1,0
3317,0,0,1
3318,0,1,0
3319,1,1,1
3320,0,0,0
3321,0,0,0
3322,1,1,1
3323,1,1,0
3324,0,0,0
3325,1,0,1
3326,0,1,1
3327,0,0,0
3328,0,0,0
3329,1,0,1
3330,0,1,1
3331,0,0,0
3332,1,0,0
3333,1,1,1
3334,1,1,1
3335,0,0,0
3336,1,1,1
3337,0,0,0
3338,0,0,0
3339,0,1,1
3340,1,1,1
3341,1,1,0
3342,1,1,1
3343,0,0,0
3344,1,0,0
3345,1,1,0
3346,1,1,0
3347,0,0,1
3348,0,0,0
3349,1,0,0
3350,1,1,1
3351,0,0,0
3352,1,0,0
3353,0,0,0
3354,1,1,0
3355,0,0,0
3356,0,0,0
3357,0,0,0
3358,0,1,1
3359,0,1,1
3360,1,1,0
3361,1,1,0
3362,1,1,1
3363,1,1,0
3364,1,1,1
3365,0,1,1
3366,1,1,0
3367,0,1,1
3368,0,0,0
3369,1,1,1
3370,0,0,1
3371,0,1,0
3372,1,0,0
3373,0,1,0
3374,0,0,0
3375,1,1,1
3376,0,1,1
3377,0,1,1
3378,0,0,0
3379,1,0,0
3380,0,1,1
3381,1,0,0
3382,1,0,1
3383,1,0,0
3384,0,0,0
3385,1,0,0
3386,1,1,0
3387,1,1,1
3388,1,0,1
3389,1,1,1
3390,1,1,1
3391,0,1,1
3392,0,0,0
3393,0,0,0
3394,0,1,1
3395,0,0,1
3396,0,0,1
3397,1,0,0
3398,1,0,0
3399,0,0,0
3400,0,1,1
3401,1,0,0
3402,0,0,0
3403,0,0,1
3404,1,1,1
3405,1,1,0
3406,0,0,1
3407,1,1,0
3408,1,0,0
3409,0,0,0
3410,0,1,1
3411,0,0,1
3412,0,0,1
3413,1,1,0
3414,1,1,1
3415,1,1,1
3416,0,0,1
3417,1,1,1
3418,0,1,1
3419,0,0,0
3420,0,0,0
3421,1,1,0
3422,1,1,0
3423,1,1,0
3424,0,1,1
3425,1,1,1
3426,0,0,0
3427,0,1,1
3428,0,0,1
3429,1,1,1
3430,0,0,0
3431,0,1,0
3432,1,1,1
3433,1,1,0
3434,1,1,1
3435,1,1,1
3436,0,0,0
3437,1,0,0
3438,0,0,0
3439,1,1,0
3440,0,1,1
3441,1,1,1
3442,1,1,1
3443,0,1,0
3444,0,0,0
3445,0,1,1
3446,1,1,1
3447,0,0,1
3448,0,0,0
3449,1,0,1
3450,0,0,0
3451,1,1,1
3452,0,0,0
3453,0,1,0
3454,1,1,0
3455,1,0,1
3456,0,0,0
3457,1,0,1
3458,1,0,0
3459,1,1,1
3460,0,0,0
3461,1,0,0
3462,0,1,1
3463,1,0,0
3464,0,0,0
3465,1,1,0
3466,1,1,1
3467,1,1,1
3468,0,1,0
3469,0,0,1
3470,1,1,1
3471,0,1,1
3472,0,0,0
3473,0,1,0
3474,1,1,0
3475,0,0,1
3476,1,1,0
3477,1,1,0
3478,1,0,1
3479,0,0,1
3480,1,1,0
3481,0,0,0
3482,1,1,0
3483,1,0,0
3484,1,1,0
3485,1,1,1
3486,0,1,0
3487,1,1,0
3488,0,0,0
3489,0,0,0
3490,0,0,0
3491,0,0,0
3492,1,1,1
3493,1,0,1
3494,0,1,1
3495,0,1,1
3496,1,0,1
3497,0,1,1
3498,0,0,1
3499,1,1,1
3500,1,1,1
3501,0,0,0
3502,0,1,0
3503,0,0,0
3504,0,1,1
3505,1,1,1
3506,1,1,1
3507,0,0,0
3508,0,0,0
3509,0,0,0
3510,1,0,1
3511,0,1,0
3512,0,0,1
3513,1,0,0
3514,1,1,1
3515,0,0,1
3516,0,0,0
3517,0,0,0
3518,1,1,0
3519,1,1,0
3520,1,0,0
3521,0,0,1
3522,0,1,1
3523,1,1,1
3524,1,1,1
3525,1,0,1
3526,1,1,0
3527,0,1,0
3528,0,0,0
3529,1,0,0
3530,0,0,1
3531,0,1,1
3532,1,1,0
3533,1,1,1
3534,0,0,1
3535,0,0,0
3536,1,0,0
3537,0,0,0
3538,1,1,1
3539,0,0,1
3540,0,0,0
3541,1,1,1
3542,0,0,0
3543,0,1,1
3544,1,1,0
3545,1,1,1
3546,1,1,0
3547,0,0,0
3548,1,1,1
3549,1,0,1
3550,0,0,1
3551,0,0,0
3552,0,1,1
3553,0,0,1
3554,1,0,0
3555,1,0,0
3556,0,0,0
3557,0,1,0
3558,1,0,0
3559,1,1,1
3560,0,1,0
3561,0,0,0
3562,1,1,1
3563,1,1,0
3564,1,0,0
3565,0,0,0
3566,0,0,0
3567,0,0,0
3568,0,0,0
3569,1,0,0
3570,1,1,1
3571,1,1,1
3572,1,1,0
3573,0,0,0
3574,1,1,1
3575,0,0,0
3576,0,1,1
3577,1,0,0
3578,1,0,0
3579,0,1,0
3580,0,1,1
3581,0,1,1
3582,0,0,1
3583,0,0,1
3584,1,1,1
3585,1,1,1
3586,0,1,1
3587,0,0,1
3588,0,0,1
3589,1,1,0
3590,0,0,0
3591,1,1,1
3592,0,0,0
3593,0,0,1
3594,0,0,1
3595,1,0,0
3596,1,0,0
3597,1,1,1
3598,1,1,1
3599,1,1,1
3600,0,0,0
3601,0,0,0
3602,0,0,0
3603,0,1,1
3604,1,1,0
3605,0,1,0
3606,0,0,0
3607,0,1,1
3608,1,1,1
3609,1,1,1
3610,1,1,0
3611,1,1,1
3612,0,0,0
3613,1,1,0
3614,0,0,1
3615,1,1,0
3616,0,0,0
3617,1,0,0
3618,1,0,1
3619,1,1,1
3620,1,0,0
3621,0,1,1
3622,1,0,0
3623,0,0,0
3624,1,1,1
3625,1,0,1
3626,1,1,0
3627,1,1,1
3628,0,0,0
3629,1,1,1
3630,1,1,1
3631,0,0,0
3632,0,0,1
3633,0,0,1
3634,0,1,1
3635,0,1,1
3636,0,1,0
3637,0,1,0
3638,1,1,1
3639,1,1,1
3640,1,1,1
3641,1,1,1
3642,0,0,0
3643,0,0,1
3644,1,1,0
3645,1,1,1
3646,1,0,1
3647,1,1,1
3648,0,1,1
3649,0,1,1
3650,0,1,0
3651,1,1,1
3652,0,1,0
3653,1,1,0
3654,0,1,1
3655,1,1,1
3656,1,0,1
3657,1,1,1
3658,0,1,1
3659,0,1,0
3660,1,0,0
3661,0,0,1
3662,1,1,0
3663,0,1,1
3664,0,0,1
3665,1,1,0
3666,0,0,0
3667,1,1,1
3668,1,0,0
3669,1,0,0
3670,0,0,0
3671,0,1,0
3672,0,1,0
3673,1,1,1
3674,1,1,1
3675,0,1,1
3676,0,0,0
3677,0,1,0
3678,0,1,1
3679,0,1,0
3680,0,0,0
3681,0,1,0
3682,1,1,1
3683,1,1,0
3684,1,1,1
3685,1,0,1
3686,1,1,0
3687,0,1,1
3688,1,0,1
3689,1,1,1
3690,1,0,0
3691,0,1,1
3692,1,1,1
3693,0,1,1
3694,0,0,1
3695,0,1,1
3696,1,1,1
3697,1,1,1
3698,1,1,1
3699,1,0,1
3700,1,1,1
3701,1,1,1
3702,1,1,1
3703,1,0,0
3704,0,1,1
3705,0,1,1
3706,0,0,0
3707,0,1,0
3708,0,0,0
3709,1,0,0
3710,0,0,1
3711,0,0,1
3712,0,1,1
3713,1,0,0
3714,1,0,0
3715,1,1,1
3716,0,0,0
3717,1,1,1
3718,0,1,0
3719,1,1,1
3720,1,1,1
3721,1,1,1
3722,0,0,0
3723,0,0,0
3724,1,0,0
3725,0,1,1
3726,0,0,0
3727,0,0,1
3728,1,1,1
3729,1,0,0
3730,1,0,1
3731,1,1,0
3732,1,1,1
3733,0,1,1
3734,1,0,0
3735,0,0,1
3736,1,0,1
3737,0,0,0
3738,0,1,1
3739,1,1,0
3740,1,0,0
3741,1,1,1
3742,0,0,1
3743,1,1,1
3744,1,1,1
3745,0,1,1
3746,1,1,0
3747,0,0,1
3748,0,0,1
3749,1,1,1
3750,1,1,1
3751,1,0,0
3752,0,0,1
3753,1,1,1
3754,1,0,1
3755,1,0,0
3756,1,1,1
3757,0,0,0
3758,0,0,1
3759,1,1,0
3760,1,1,1
3761,1,1,1
3762,1,1,1
3763,0,0,1
3764,1,1,1
3765,0,0,0
3766,1,1,1
3767,0,0,0
3768,0,0,0
3769,1,1,1
3770,1,0,0
3771,0,1,1
3772,1,0,1
3773,0,0,1
3774,0,0,0
3775,1,1,0
3776,1,0,0
3777,0,0,1
3778,0,0,1
3779,0,0,0
3780,1,0,0
3781,0,0,0
3782,0,0,1
3783,0,1,0
3784,1,0,0
3785,0,0,0
3786,0,0,0
3787,0,0,0
3788,1,1,1
3789,0,0,0
3790,0,1,1
3791,0,0,1
3792,0,1,1
3793,0,0,0
3794,0,1,1
3795,0,0,1
3796,0,0,1
3797,1,1,1
3798,0,0,0
3799,1,0,0
3800,1,1,1
3801,1,0,0
3802,1,1,1
3803,1,1,1
3804,1,0,0
3805,0,1,0
3806,0,0,0
3807,0,0,0
3808,1,0,1
3809,0,1,1
3810,1,0,1
3811,1,1,1
3812,0,0,0
3813,0,0,0
3814,0,0,0
3815,1,1,1
3816,1,1,0
3817,1,1,0
3818,0,1,1
3819,1,0,0
3820,1,1,1
3821,1,1,1
3822,1,0,0
3823,0,0,1
3824,1,0,0
3825,1,0,0
3826,0,0,1
3827,0,0,0
3828,1,0,0
3829,1,1,0
3830,1,1,0
3831,1,0,0
3832,0,0,0
3833,1,1,1
3834,0,0,1
3835,1,1,1
3836,1,0,0
3837,0,0,0
3838,0,0,0
3839,0,0,0
3840,1,1,0
3841,1,0,0
3842,1,1,0
3843,0,0,0
3844,0,0,0
3845,1,0,0
3846,0,1,1
3847,0,0,0
3848,0,0,1
3849,0,0,0
3850,0,0,1
3851,1,1,1
3852,1,0,1
3853,1,1,0
3854,1,1,1
3855,1,1,0
3856,0,0,1
3857,0,0,0
3858,0,0,0
3859,1,1,1
3860,1,1,0
3861,0,0,0
3862,0,0,0
3863,0,1,1
3864,0,1,1
3865,0,1,1
3866,0,1,1
3867,0,0,0
3868,1,0,0
3869,0,1,1
3870,1,0,0
3871,1,1,0
3872,0,1,1
3873,1,1,1
3874,1,0,0
3875,0,0,0
3876,0,0,1
3877,1,0,1
3878,1,1,1
3879,0,1,0
3880,0,1,0
3881,1,0,0
3882,1,1,1
3883,0,0,1
3884,1,1,0
3885,1,1,1
3886,1,1,1
3887,1,1,0
3888,1,0,0
3889,1,0,0
3890,0,0,0
3891,0,0,0
3892,1,0,0
3893,0,0,1
3894,1,0,0
3895,0,0,1
3896,0,0,0
3897,1,0,0
3898,1,1,0
3899,1,1,1
3900,0,0,1
3901,0,0,1
3902,0,1,1
3903,1,0,0
3904,1,0,0
3905,1,1,1
3906,0,0,0
3907,0,0,1
3908,0,1,0
3909,0,0,1
3910,1,1,0
3911,0,0,0
3912,0,1,0
3913,0,0,0
3914,0,0,1
3915,1,0,0
3916,1,0,0
3917,0,0,0
3918,1,0,0
3919,0,0,0
3920,1,1,1
3921,1,1,1
3922,0,0,0
3923,0,1,1
3924,0,1,1
3925,1,1,1
3926,0,1,0
3927,0,0,0
3928,0,1,0
3929,1,1,0
3930,0,1,1
3931,1,0,0
3932,0,0,1
3933,1,1,1
3934,1,1,0
3935,1,0,0
3936,0,1,0
3937,1,1,1
3938,1,1,0
3939,1,1,1
3940,0,0,0
3941,1,0,0
3942,1,1,1
3943,1,0,1
3944,1,0,0
3945,0,0,0
3946,1,1,0
3947,0,0,0
3948,1,0,0
3949,1,1,1
3950,1,1,1
3951,0,0,0
3952,0,1,1
3953,0,1,0
3954,0,1,1
3955,0,0,0
3956,0,0,0
3957,0,0,0
3958,0,0,0
3959,0,0,1
3960,1,0,0
3961,1,0,1
3962,0,0,0
3963,0,0,0
3964,1,0,0
3965,0,0,1
3966,1,1,0
3967,0,0,0
3968,0,1,1
3969,1,1,0
3970,1,1,0
3971,1,0,0
3972,1,1,1
3973,0,0,1
3974,0,1,1
3975,1,1,0
3976,1,1,0
3977,0,0,1
3978,0,0,0
3979,1,0,1
3980,0,0,0
3981,0,1,1
3982,1,0,0
3983,1,0,0
3984,0,0,0
3985,0,0,1
3986,0,0,0
3987,0,1,1
3988,0,0,1
3989,1,1,1
3990,0,0,0
3991,1,1,0
3992,0,0,0
3993,1,1,1
3994,0,0,1
3995,1,1,1
3996,1,1,1
3997,1,1,1
3998,1,0,0
3999,0,0,0
4000,0,0,0
4001,0,0,1
4002,1,1,0
4003,0,1,1
4004,1,1,0
4005,1,0,0
4006,0,0,0
4007,1,1,0
4008,0,0,1
4009,0,0,1
4010,1,0,1
4011,0,0,0
4012,0,0,1
4013,0,0,0
4014,1,1,1
4015,1,1,1
4016,1,0,0
4017,1,0,0
4018,0,1,1
4019,1,1,1
4020,1,1,1
4021,1,1,0
4022,1,1,0
4023,0,1,1
4024,0,0,0
4025,0,1,1
4026,0,0,0
4027,1,1,0
4028,1,0,0
4029,1,0,1
4030,1,1,1
4031,0,0,1
4032,1,1,1
4033,1,0,0
4034,1,1,1
4035,0,0,0
4036,1,0,0
4037,1,1,1
4038,0,1,0
4039,1,0,1
4040,0,0,0
4041,0,0,0
4042,1,0,0
4043,1,1,1
4044,0,1,1
4045,0,1,1
4046,0,1,0
4047,0,0,0
4048,0,0,0
4049,0,0,0
4050,0,0,0
4051,0,0,1
4052,1,0,0
4053,0,1,1
4054,0,1,1
4055,1,1,1
4056,1,0,0
4057,0,0,0
4058,1,1,1
4059,1,1,1
4060,1,1,0
4061,0,1,0
4062,0,1,1
4063,0,0,1
4064,0,0,0
4065,1,1,0
4066,0,0,0
4067,0,1,1
4068,0,1,1
4069,0,0,0
4070,1,1,1
4071,1,1,1
4072,0,1,1
4073,0,1,1
4074,0,0,0
4075,1,1,1
4076,1,1,1
4077,1,1,1
4078,0,1,1
4079,0,1,1
4080,1,1,0
4081,0,0,1
4082,0,0,0
4083,0,0,0
4084,1,0,1
4085,1,0,0
4086,0,0,0
4087,1,1,0
4088,1,1,1
4089,0,1,1
4090,1,0,1
4091,0,1,1
4092,0,1,1
4093,1,0,0
4094,1,1,1
4095,1,1,0
4096,0,0,0
4097,1,1,1
4098,1,1,1
4099,1,1,0
4100,0,0,0
4101,0,0,0
4102,1,1,0
4103,0,0,0
4104,1,1,0
4105,1,0,1
4106,1,0,0
4107,1,0,0
4108,1,1,0
4109,1,0,0
4110,1,1,0
4111,0,1,1
4112,0,0,0
4113,0,0,0
4114,0,0,1
4115,1,0,0
4116,1,1,0
4117,1,0,0
4118,1,0,1
4119,1,1,1
4120,0,0,0
4121,0,0,1
4122,0,1,0
4123,1,1,1
4124,1,1,0
4125,1,1,0
4126,0,1,0
4127,0,1,1
4128,0,0,0
4129,0,0,1
4130,0,0,1
4131,0,1,0
4132,0,0,0
4133,1,0,0
4134,1,1,1
4135,0,1,1
4136,0,0,0
4137,0,1,1
4138,1,1,0
4139,1,0,0
4140,1,0,1
4141,0,0,1
4142,0,1,1
4143,0,1,1
4144,1,0,1
4145,1,0,0
4146,1,1,0
4147,0,0,1
4148,0,0,0
4149,1,1,1
4150,0,0,0
4151,0,1,1
4152,1,1,1
4153,1,1,1
4154,1,1,1
4155,0,1,0
4156,0,0,1
4157,1,1,0
4158,0,1,1
4159,0,1,1
4160,1,1,1
4161,0,1,1
4162,0,1,1
4163,1,1,0
4164,1,0,1
4165,0,0,0
4166,1,0,0
4167,1,1,1
4168,1,0,0
4169,0,1,1
4170,1,0,1
4171,0,0,0
4172,0,0,1
4173,1,0,1
4174,1,1,1
4175,1,0,0
4176,0,0,0
4177,0,0,0
4178,0,0,0
4179,0,1,1
4180,1,0,0
4181,0,1,1
4182,1,0,0
4183,0,1,1
4184,1,1,1
4185,1,1,1
4186,1,1,0
4187,1,1,0
4188,0,0,1
4189,0,1,1
4190,1,1,0
4191,1,1,0
4192,1,0,0
4193,1,0,1
4194,1,1,1
4195,1,0,0
4196,0,1,1
4197,1,0,0
4198,1,0,1
4199,1,0,1
4200,0,1,1
4201,0,0,0
4202,0,1,0
4203,1,1,1
4204,0,1,1
4205,1,0,0
4206,1,1,0
4207,0,1,0
4208,1,1,1
4209,0,0,1
4210,0,0,1
4211,1,1,1
4212,1,1,0
4213,1,1,0
4214,0,0,1
4215,1,1,1
4216,0,0,1
4217,0,0,0
4218,1,1,1
4219,1,1,1
4220,0,0,1
4221,0,0,0
4222,1,1,1
4223,0,1,1
4224,1,1,1
4225,1,1,1
4226,1,1,1
4227,1,1,1
4228,1,0,0
4229,1,1,1
4230,0,0,1
4231,0,0,0
4232,0,1,0
4233,1,0,0
4234,1,1,0
4235,1,1,0
4236,1,0,0
4237,0,0,0
4238,1,1,0
4239,0,1,0
4240,1,0,1
4241,1,0,0
4242,0,1,1
4243,0,0,0
4244,1,1,1
4245,0,0,0
4246,1,1,1
4247,0,0,1
4248,0,0,0
4249,1,1,0
4250,0,0,0
4251,0,0,0
4252,0,0,0
4253,0,1,1
4254,0,0,1
4255,0,1,1
4256,0,0,1
4257,1,1,1
4258,1,1,1
4259,1,0,0
4260,1,1,0
4261,1,0,1
4262,1,1,1
4263,1,1,1
4264,0,1,1
4265,0,0,0
4266,1,0,0
4267,0,1,0
4268,1,0,0
4269,0,0,0
4270,1,0,1
4271,0,1,1
4272,1,1,1
4273,1,1,1
4274,0,0,1
4275,0,0,0
4276,0,0,0
4277,0,1,0
4278,1,1,1
4279,0,1,1
4280,0,1,1
4281,1,0,0
4282,1,1,1
4283,0,0,1
4284,0,1,0
4285,1,1,1
4286,0,0,0
4287,0,0,1
4288,1,1,1
4289,1,1,1
4290,1,0,1
4291,1,1,0
4292,1,0,0
4293,0,0,0
4294,0,1,1
4295,0,0,1
4296,1,0,0
4297,1,1,1
4298,1,1,0
4299,0,0,0
4300,0,1,1
4301,0,0,0
4302,1,0,0
4303,1,0,0
4304,1,0,1
4305,1,1,1
4306,1,0,0
4307,1,1,1
4308,0,1,1
4309,0,0,0
4310,1,0,0
4311,0,0,1
4312,1,1,1
4313,1,1,0
4314,0,0,0
4315,1,1,0
4316,0,0,0
4317,0,0,1
4318,0,0,1
4319,1,1,0
4320,1,1,1
4321,0,0,0
4322,0,1,1
4323,1,0,0
4324,1,1,1
4325,0,0,0
4326,1,0,1
4327,1,1,1
4328,0,1,0
4329,0,1,1
4330,0,0,0
4331,1,0,1
4332,1,0,0
4333,1,0,1
4334,0,0,1
4335,1,0,1
4336,0,0,1
4337,1,1,1
4338,0,0,1
4339,0,0,1
4340,0,1,0
4341,0,1,1
4342,1,1,0
4343,0,0,0
4344,1,1,1
4345,1,1,1
4346,1,1,1
4347,1,0,1
4348,0,0,1
4349,1,0,0
4350,1,1,1
4351,1,1,1
4352,0,0,0
4353,1,1,0
4354,0,0,0
4355,1,1,1
4356,0,0,1
4357,0,1,0
4358,1,1,0
4359,0,0,1
4360,0,1,1
4361,1,0,0
4362,0,0,1
4363,0,0,0
4364,0,0,1
4365,0,0,0
4366,1,0,0
4367,1,1,0
4368,0,0,1
4369,1,1,1
4370,1,0,1
4371,0,1,0
4372,1,1,1
4373,0,0,0
4374,1,0,1
4375,1,0,0
4376,0,0,0
4377,0,0,1
4378,0,0,0
4379,1,1,0
4380,1,1,0
4381,0,1,0
4382,0,1,1
4383,1,0,0
4384,0,0,1
4385,0,1,1
4386,0,1,0
4387,0,0,0
4388,0,1,1
4389,0,0,0
4390,0,0,0
4391,0,0,0
4392,0,0,1
4393,1,1,1
4394,0,1,1
4395,1,1,0
4396,1,0,0
4397,1,0,0
4398,1,1,1
4399,0,1,0
4400,1,0,0
4401,0,1,1
4402,1,0,0
4403,1,0,0
4404,0,1,0
4405,1,0,1
4406,0,1,1
4407,1,1,0
4408,0,0,0
4409,1,1,0
4410,1,1,0
4411,1,0,0
4412,0,0,0
4413,0,1,1
4414,1,1,1
4415,1,1,0
4416,0,0,1
4417,0,0,1
4418,1,1,1
4419,0,1,0
4420,0,1,0
4421,1,0,0
4422,1,0,1
4423,1,1,1
4424,0,1,1
4425,0,0,0
4426,1,0,0
4427,0,1,1
4428,1,1,0
4429,1,1,1
4430,0,0,1
4431,1,0,0
4432,0,0,0
4433,0,0,0
4434,1,1,1
4435,1,1,0
4436,1,1,1
4437,0,0,1
4438,0,1,0
4439,1,1,0
4440,0,0,0
4441,0,0,0
4442,1,1,1
4443,1,1,0
4444,1,1,1
4445,0,0,0
4446,1,1,0
4447,0,1,1
4448,1,1,1
4449,1,1,1
4450,1,0,0
4451,0,0,0
4452,1,0,1
4453,0,1,1
4454,0,0,0
4455,1,1,1
4456,0,0,0
4457,0,1,0
4458,0,0,0
4459,1,1,1
4460,0,0,0
4461,0,1,1
4462,1,0,0
4463,0,0,0
4464,1,1,1
4465,1,1,0
4466,1,1,1
4467,0,0,0
4468,1,0,0
4469,1,1,1
4470,1,0,0
4471,0,1,1
4472,1,0,0
4473,1,1,0
4474,0,0,1
4475,1,1,0
4476,1,1,1
4477,1,0,1
4478,0,1,0
4479,0,0,1
4480,0,0,1
4481,1,1,0
4482,0,0,0
4483,0,1,0
4484,1,1,1
4485,0,0,0
4486,0,0,1
4487,1,0,0
4488,1,0,0
4489,0,0,0
4490,0,0,0
4491,0,0,1
4492,0,0,1
4493,0,0,0
4494,1,0,1
4495,1,0,1
4496,0,1,1
4497,1,0,0
4498,1,0,0
4499,1,0,0
4500,0,0,0
4501,1,0,0
4502,0,0,1
4503,0,0,0
4504,0,1,1
4505,0,0,0
4506,0,1,0
4507,1,1,1
4508,0,0,0
4509,0,0,1
4510,1,1,1
4511,0,0,0
4512,0,1,0
4513,0,0,0
4514,0,0,1
4515,0,0,1
4516,1,0,0
4517,0,1,1
4518,0,1,1
4519,1,1,1
4520,1,1,1
4521,1,0,0
4522,0,0,1
4523,1,1,1
4524,0,1,1
4525,0,1,1
4526,1,1,1
4527,0,0,0
4528,1,1,0
4529,1,1,0
4530,1,1,1
4531,1,1,1
4532,0,0,0
4533,1,1,1
4534,0,0,0
4535,1,1,1
4536,1,1,1
4537,0,0,1
4538,0,0,1
4539,1,1,0
4540,0,0,0
4541,0,1,1
4542,0,0,0
4543,1,1,0
4544,1,0,0
4545,1,1,0
4546,0,0,1
4547,0,0,1
4548,0,0,1
4549,1,1,0
4550,0,0,1
4551,1,1,1
4552,0,1,1
4553,1,1,1
4554,1,0,0
4555,0,0,1
4556,0,0,0
4557,0,0,0
4558,1,1,1
4559,1,0,0
4560,1,1,0
4561,1,1,1
4562,1,1,0
4563,0,1,1
4564,1,0,0
4565,1,1,1
4566,0,1,0
4567,1,0,0
4568,1,0,0
4569,0,0,0
4570,0,0,0
4571,0,0,0
4572,1,1,1
4573,0,1,1
4574,0,1,1
4575,0,1,1
4576,1,0,0
4577,0,1,0
4578,0,1,1
4579,1,0,1
4580,1,1,1
4581,1,1,0
4582,0,0,0
4583,0,1,1
4584,0,1,1
4585,0,0,0
4586,0,0,0
4587,0,1,1
4588,1,1,1
4589,1,0,1
4590,1,0,1
4591,1,0,0
4592,0,0,1
4593,1,1,0
4594,1,1,0
4595,0,0,0
4596,0,1,0
4597,0,0,0
4598,1,1,0
4599,1,1,1
4600,1,1,1
4601,0,1,1
4602,0,0,1
4603,1,1,1
4604,1,1,1
4605,1,1,0
4606,0,1,1
4607,1,0,1
4608,1,0,1
4609,1,0,0
4610,0,0,1
4611,0,1,1
4612,0,1,0
4613,0,0,0
4614,1,0,0
4615,0,1,1
4616,1,0,1
4617,0,1,1
4618,0,1,1
4619,0,0,1
4620,0,0,0
4621,1,0,0
4622,1,1,0
4623,1,1,1
4624,1,1,1
4625,0,0,1
4626,1,1,1
4627,1,0,0
4628,0,0,0
4629,0,1,1
4630,1,1,1
4631,0,0,0
4632,0,1,1
4633,1,1,1
4634,0,0,1
4635,0,0,1
4636,1,0,0
4637,0,1,1
4638,0,1,1
4639,0,0,1
4640,1,0,1
4641,0,0,0
4642,1,1,0
4643,0,1,1
4644,1,1,0
4645,0,0,0
4646,0,1,1
4647,0,1,0
4648,0,0,0
4649,0,1,1
4650,0,0,0
4651,1,0,0
4652,0,0,0
4653,0,0,0
4654,1,1,0
4655,1,1,1
4656,1,0,0
4657,1,1,1
4658,1,1,1
4659,1,1,0
4660,1,1,1
4661,1,0,1
4662,0,1,0
4663,0,1,0
4664,0,0,1
4665,1,0,1
4666,1,1,0
4667,0,0,1
4668,0,0,1
4669,0,0,0
4670,0,0,1
4671,1,0,0
4672,0,1,1
4673,1,0,0
4674,0,1,0
4675,1,1,1
4676,1,0,1
4677,1,0,0
4678,1,1,1
4679,1,1,0
4680,0,0,0
4681,0,0,0
4682,0,0,1
4683,0,1,0
4684,1,1,1
4685,0,0,0
4686,0,0,1
4687,1,1,1
4688,0,1,1
4689,0,1,1
4690,0,0,1
4691,1,0,0
4692,1,0,0
4693,0,0,1
4694,0,0,0
4695,0,1,1
4696,1,1,1
4697,1,1,1
4698,1,1,0
4699,1,1,1
4700,1,1,1
4701,1,0,0
4702,0,0,1
4703,0,0,1
4704,0,1,1
4705,0,1,1
4706,1,0,0
4707,1,1,1
4708,0,1,1
4709,1,0,1
4710,1,1,0
4711,0,1,1
4712,1,1,1
4713,0,0,1
4714,0,0,1
4715,1,0,0
4716,0,0,0
4717,0,1,1
4718,1,0,1
4719,0,0,0
4720,1,1,1
4721,1,1,1
4722,1,0,0
4723,1,1,0
4724,0,0,0
4725,1,0,0
4726,1,1,0
4727,0,0,1
4728,0,0,0
4729,0,0,0
4730,1,0,1
4731,1,1,0
4732,0,1,1
4733,1,1,0
4734,1,1,1
4735,1,1,0
4736,0,0,0
4737,1,1,1
4738,1,1,0
4739,0,1,1
4740,1,1,0
4741,0,0,0
4742,1,0,0
4743,1,0,0
4744,1,1,1
4745,0,0,0
4746,1,1,1
4747,1,1,0
4748,0,0,0
4749,0,0,0
4750,1,0,1
4751,0,1,1
4752,0,0,0
4753,0,0,0
4754,0,0,0
4755,1,1,1
4756,0,0,0
4757,0,0,1
4758,1,0,0
4759,1,1,1
4760,0,0,0
4761,0,0,0
4762,1,0,0
4763,1,1,1
4764,1,1,1
4765,1,0,0
4766,0,0,0
4767,1,1,0
4768,0,0,1
4769,1,1,0
4770,0,1,1
4771,0,0,0
4772,0,0,0
4773,0,0,0
4774,0,0,0
4775,0,1,0
4776,1,0,1
4777,1,1,1
4778,0,0,0
4779,0,0,1
4780,1,1,0
4781,1,1,1
4782,1,0,0
4783,0,1,1
4784,1,0,0
4785,0,0,0
4786,0,0,0
4787,0,0,0
4788,1,1,0
4789,1,1,0
4790,1,1,1
4791,1,0,1
4792,0,0,1
4793,0,1,1
4794,1,1,1
4795,0,1,0
4796,0,0,0
4797,0,0,0
4798,0,0,0
4799,1,0,0
4800,0,1,1
4801,1,0,0
4802,0,0,0
4803,0,0,0
4804,1,1,1
4805,0,0,0
4806,1,1,1
4807,0,0,0
4808,1,1,0
4809,0,0,0
4810,0,0,1
4811,0,0,1
4812,0,1,1
4813,1,1,0
4814,0,1,1
4815,1,1,0
4816,0,0,1
4817,0,0,0
4818,0,0,1
4819,1,0,0
4820,0,0,0
4821,1,1,0
4822,0,0,0
4823,0,1,1
4824,1,1,1
4825,0,0,1
4826,1,1,1
4827,0,0,1
4828,1,0,0
4829,1,1,1
4830,0,0,1
4831,1,1,1
4832,1,0,0
4833,1,0,0
4834,0,0,0
4835,0,0,0
4836,0,1,1
4837,1,1,1
4838,1,0,0
4839,0,0,0
4840,1,1,0
4841,1,1,1
4842,0,0,0
4843,1,1,0
4844,0,0,1
4845,0,0,1
4846,0,1,1
4847,1,0,1
4848,0,1,1
4849,1,0,0
4850,0,1,1
4851,1,0,0
4852,0,0,1
4853,0,1,0
4854,1,1,0
4855,0,0,0
4856,1,0,0
4857,1,1,1
4858,1,0,1
4859,0,0,0
4860,0,0,0
4861,0,0,0
4862,0,0,1
4863,0,1,1
4864,1,0,0
4865,0,0,0
4866,1,0,0
4867,1,1,1
4868,1,0,0
4869,1,0,1
4870,0,0,0
4871,0,0,0
4872,1,0,0
4873,1,1,0
4874,1,0,1
4875,1,1,0
4876,1,1,1
4877,0,1,0
4878,0,1,1
4879,1,1,0
4880,0,0,0
4881,1,1,1
4882,0,0,0
4883,1,1,1
4884,0,1,1
4885,1,1,1
4886,1,1,0
4887,1,1,0
4888,0,1,1
4889,0,0,0
4890,1,1,1
4891,1,0,0
4892,1,1,1
4893,1,1,1
4894,1,1,1
4895,1,1,0
4896,1,0,0
4897,1,0,0
4898,1,1,0
4899,0,0,1
4900,1,0,0
4901,0,0,0
4902,1,1,1
4903,1,1,0
4904,1,1,1
4905,0,0,1
4906,0,0,1
4907,0,0,0
4908,0,0,1
4909,1,0,0
4910,1,1,0
4911,1,0,1
4912,1,1,0
4913,0,0,0
4914,0,1,0
4915,1,1,0
4916,1,1,1
4917,0,0,0
4918,0,1,1
4919,0,0,1
4920,1,0,1
4921,0,0,0
4922,1,1,1
4923,0,0,0
4924,1,0,0
4925,0,1,1
4926,0,0,0
4927,0,0,0
4928,1,1,1
4929,1,1,1
4930,1,1,1
4931,0,0,0
4932,0,0,1
4933,1,0,1
4934,1,1,1
4935,1,0,1
4936,0,1,0
4937,0,0,1
4938,0,0,0
4939,1,1,0
4940,1,1,1
4941,0,0,0
4942,1,0,0
4943,1,0,0
4944,0,0,1
4945,1,1,0
4946,1,0,0
4947,0,1,1
4948,0,1,0
4949,0,0,0
4950,1,1,1
4951,0,1,0
4952,0,1,1
4953,0,0,0
4954,1,0,0
4955,0,0,0
4956,0,1,1
4957,0,1,1
4958,1,0,1
4959,1,1,1
4960,1,1,0
4961,0,0,0
4962,1,0,0
4963,0,1,1
4964,0,0,1
4965,0,1,0
4966,1,1,0
4967,1,0,0
4968,0,0,0
4969,0,0,0
4970,0,0,0
4971,0,0,0
4972,1,1,1
4973,0,0,0
4974,0,0,0
4975,0,1,1
4976,1,1,1
4977,1,1,0
4978,1,1,0
4979,1,1,1
4980,1,1,1
4981,0,0,0
4982,1,1,1
4983,1,1,1
4984,0,1,1
4985,1,0,0
4986,0,1,1
4987,0,1,0
4988,1,1,0
4989,1,1,0
4990,0,0,0
4991,1,0,0
4992,0,0,1
4993,0,1,0
4994,0,0,0
4995,1,1,0
4996,1,1,0
4997,0,0,1
4998,0,1,1
4999,0,1,1
